Time IMU (s),Pitch (deg),,Time depth (s),Depth (m)
0.023,-0.398,,0.237,-0.1319
0.294,-0.349,,0.473,-0.0466
0.565,-0.215,,0.710,-0.1319
0.836,-0.892,,0.946,-0.0892
1.107,-0.347,,1.183,-0.0892
1.378,-0.540,,1.419,-0.1319
1.650,-0.132,,1.656,-0.0892
1.921,-0.708,,1.892,-0.0892
2.192,-0.524,,2.129,-0.0892
2.463,-0.175,,2.365,-0.0892
2.734,-1.041,,2.602,-0.1785
3.005,-0.782,,2.838,-0.1358
3.276,-1.363,,3.075,-0.0892
3.547,-1.495,,3.311,-0.1358
3.819,-1.328,,3.548,-0.1785
4.090,-2.217,,3.784,-0.1358
4.361,-2.928,,4.021,-0.2212
4.632,-2.712,,4.257,-0.2212
4.903,-2.862,,4.494,-0.2638
5.174,-3.938,,4.730,-0.2638
5.445,-5.075,,4.967,-0.3531
5.716,-5.691,,5.203,-0.3531
5.988,-6.068,,5.440,-0.3958
6.259,-6.683,,5.676,-0.4423
6.530,-7.338,,5.913,-0.4850
6.801,-8.136,,6.149,-0.5277
7.072,-8.628,,6.386,-0.5742
7.343,-9.329,,6.622,-0.6169
7.614,-10.149,,6.859,-0.7062
7.885,-10.263,,7.095,-0.7488
8.157,-10.745,,7.332,-0.7915
8.428,-11.181,,7.568,-0.8342
8.699,-11.648,,7.805,-0.9234
8.970,-11.710,,8.041,-0.9661
9.241,-12.053,,8.278,-0.9661
9.512,-12.319,,8.514,-1.0127
9.783,-12.511,,8.751,-1.0980
10.054,-12.871,,8.987,-1.1446
10.326,-13.238,,9.224,-1.1873
10.597,-13.331,,9.460,-1.2300
10.868,-13.521,,9.697,-1.2765
11.139,-13.846,,9.933,-1.3619
11.410,-14.143,,10.170,-1.4046
11.681,-14.506,,10.406,-1.4511
11.952,-14.891,,10.643,-1.4938
12.223,-15.009,,10.879,-1.5365
12.495,-14.920,,11.116,-1.5830
12.766,-14.837,,11.352,-1.6257
13.037,-14.969,,11.589,-1.7150
13.308,-15.129,,11.825,-1.7150
13.579,-15.005,,12.062,-1.7576
13.850,-14.793,,12.298,-1.8003
14.121,-14.540,,12.535,-1.8896
14.392,-14.442,,12.771,-1.8896
14.664,-14.384,,13.008,-1.9322
14.935,-14.290,,13.244,-1.9322
15.206,-14.164,,13.481,-1.9322
15.477,-14.050,,13.717,-1.9788
15.748,-14.020,,13.954,-1.9788
16.019,-13.976,,14.190,-2.0215
16.290,-13.958,,14.427,-2.0215
16.562,-13.931,,14.663,-2.0642
16.833,-13.883,,14.900,-2.0642
17.104,-13.904,,15.136,-2.1107
17.375,-14.044,,15.373,-2.1534
17.646,-14.248,,15.609,-2.1534
17.917,-14.389,,15.846,-2.1534
18.188,-14.433,,16.082,-2.1961
18.459,-14.486,,16.319,-2.2388
18.731,-14.622,,16.555,-2.2853
19.002,-14.787,,16.792,-2.2853
19.273,-14.929,,17.028,-2.2853
19.544,-15.040,,17.265,-2.3280
19.815,-15.072,,17.501,-2.3707
20.086,-15.045,,17.738,-2.4599
20.357,-15.015,,17.974,-2.4172
20.628,-14.956,,18.211,-2.5026
20.900,-14.851,,18.447,-2.5026
21.171,-14.737,,18.684,-2.5492
21.442,-14.616,,18.920,-2.5918
21.713,-14.446,,19.157,-2.5918
21.984,-14.232,,19.393,-2.6345
22.255,-14.043,,19.630,-2.6345
22.526,-13.904,,19.866,-2.7238
22.797,-13.775,,20.103,-2.6811
23.069,-13.620,,20.339,-2.7664
23.340,-13.463,,20.576,-2.7664
23.611,-13.347,,20.812,-2.8130
23.882,-13.270,,21.049,-2.8557
24.153,-13.198,,21.285,-2.8557
24.424,-13.104,,21.522,-2.8557
24.695,-13.013,,21.758,-2.8984
24.966,-12.944,,21.995,-2.9449
25.238,-12.891,,22.231,-3.0303
25.509,-12.837,,22.468,-3.0303
25.780,-12.776,,22.704,-3.0303
26.051,-12.705,,22.941,-3.0303
26.322,-12.623,,23.177,-3.0768
26.593,-12.535,,23.414,-3.1622
26.864,-12.440,,23.650,-3.2049
27.135,-12.368,,23.887,-3.2049
27.407,-12.334,,24.123,-3.2514
27.678,-12.322,,24.360,-3.2941
27.949,-12.309,,24.596,-3.2941
28.220,-12.302,,24.833,-3.3368
28.491,-12.316,,25.069,-3.3834
28.762,-12.349,,25.306,-3.4260
29.033,-12.388,,25.542,-3.4260
29.304,-12.416,,25.779,-3.5153
29.576,-12.420,,26.015,-3.5153
29.847,-12.417,,26.252,-3.5580
30.118,-12.418,,26.488,-3.5580
30.389,-12.410,,26.725,-3.6006
30.660,-12.366,,26.961,-3.6472
30.931,-12.299,,27.198,-3.6472
31.202,-12.231,,27.434,-3.6472
31.473,-12.164,,27.671,-3.6899
31.745,-12.107,,27.907,-3.7326
32.016,-12.068,,28.144,-3.7326
32.287,-12.049,,28.380,-3.7791
32.558,-12.037,,28.617,-3.7791
32.829,-12.020,,28.853,-3.8218
33.100,-12.009,,29.090,-3.8218
33.371,-12.018,,29.326,-3.8645
33.642,-12.036,,29.563,-3.9110
33.914,-12.041,,29.799,-3.9110
34.185,-12.026,,30.036,-3.9537
34.456,-11.996,,30.272,-3.9537
34.727,-11.953,,30.509,-4.0430
34.998,-11.894,,30.745,-3.9964
35.269,-11.816,,30.982,-4.0856
35.540,-11.732,,31.218,-4.0856
35.812,-11.652,,31.455,-4.1283
36.083,-11.570,,31.691,-4.1749
36.354,-11.493,,31.928,-4.1749
36.625,-11.417,,32.164,-4.1749
36.896,-11.349,,32.401,-4.2176
37.167,-11.293,,32.637,-4.2602
37.438,-11.260,,32.874,-4.3068
37.709,-11.246,,33.110,-4.3495
37.981,-11.248,,33.347,-4.3922
38.252,-11.244,,33.583,-4.3922
38.523,-11.233,,33.820,-4.4348
38.794,-11.235,,34.056,-4.4814
39.065,-11.260,,34.293,-4.5668
39.336,-11.313,,34.529,-4.5241
39.607,-11.363,,34.766,-4.5668
39.878,-11.398,,35.002,-4.6133
40.150,-11.423,,35.239,-4.6133
40.421,-11.444,,35.475,-4.6987
40.692,-11.466,,35.712,-4.7452
40.963,-11.500,,35.948,-4.7452
41.234,-11.545,,36.185,-4.7879
41.505,-11.602,,36.421,-4.7879
41.776,-11.662,,36.658,-4.8306
42.047,-11.712,,36.894,-4.8306
42.319,-11.749,,37.131,-4.8772
42.590,-11.787,,37.367,-4.9198
42.861,-11.842,,37.604,-4.9198
43.132,-11.910,,37.840,-4.9625
43.403,-11.969,,38.077,-5.0091
43.674,-11.995,,38.313,-4.9625
43.945,-11.992,,38.550,-5.0091
44.216,-11.983,,38.786,-5.0518
44.488,-11.989,,39.023,-5.0944
44.759,-12.011,,39.259,-5.0944
45.030,-12.018,,39.496,-5.1837
45.301,-11.995,,39.732,-5.1837
45.572,-11.953,,39.969,-5.2264
45.843,-11.910,,40.205,-5.2729
46.114,-11.870,,40.442,-5.3156
46.385,-11.819,,40.678,-5.3156
46.657,-11.759,,40.915,-5.4048
46.928,-11.699,,41.151,-5.4048
47.199,-11.646,,41.388,-5.4475
47.470,-11.605,,41.624,-5.4902
47.741,-11.587,,41.861,-5.4902
48.012,-11.601,,42.097,-5.5368
48.283,-11.642,,42.334,-5.5794
48.554,-11.698,,42.570,-5.5794
48.826,-11.747,,42.807,-5.6221
49.097,-11.776,,43.043,-5.6648
49.368,-11.796,,43.280,-5.7114
49.639,-11.819,,43.516,-5.7114
49.910,-11.855,,43.753,-5.7540
50.181,-11.906,,43.989,-5.7967
50.452,-11.944,,44.226,-5.7967
50.723,-11.970,,44.462,-5.8433
50.995,-11.984,,44.699,-5.8860
51.266,-11.986,,44.935,-5.8860
51.537,-11.984,,45.172,-5.9752
51.808,-11.975,,45.408,-5.9752
52.079,-11.960,,45.645,-5.9752
52.350,-11.941,,45.881,-6.0179
52.621,-11.918,,46.118,-6.0606
52.892,-11.888,,46.354,-6.0606
53.164,-11.849,,46.591,-6.1071
53.435,-11.807,,46.827,-6.1498
53.706,-11.761,,47.064,-6.1498
53.977,-11.720,,47.300,-6.1925
54.248,-11.690,,47.537,-6.1498
54.519,-11.667,,47.773,-6.1925
54.790,-11.643,,48.010,-6.2390
55.062,-11.615,,48.246,-6.2817
55.333,-11.582,,48.483,-6.3244
55.604,-11.551,,48.719,-6.3244
55.875,-11.527,,48.956,-6.3710
56.146,-11.507,,49.192,-6.4136
56.417,-11.485,,49.429,-6.4563
56.688,-11.456,,49.665,-6.5029
56.959,-11.421,,49.902,-6.5029
57.231,-11.385,,50.138,-6.5456
57.502,-11.347,,50.375,-6.5882
57.773,-11.316,,50.611,-6.6348
58.044,-11.289,,50.848,-6.6775
58.315,-11.260,,51.084,-6.7202
58.586,-11.231,,51.321,-6.7667
58.857,-11.197,,51.557,-6.7667
59.128,-11.158,,51.794,-6.8094
59.400,-11.120,,52.030,-6.8948
59.671,-11.085,,52.267,-6.8948
59.942,-11.049,,52.503,-6.9413
60.213,-11.007,,52.740,-6.9840
60.484,-10.960,,52.976,-7.0267
60.755,-10.912,,53.213,-7.0267
61.026,-10.863,,53.449,-7.0732
61.297,-10.815,,53.686,-7.1159
61.569,-10.766,,53.922,-7.1159
61.840,-10.717,,54.159,-7.1586
62.111,-10.668,,54.395,-7.2052
62.382,-10.623,,54.632,-7.2478
62.653,-10.588,,54.868,-7.2478
62.924,-10.563,,55.105,-7.2905
63.195,-10.545,,55.341,-7.3371
63.466,-10.536,,55.578,-7.3371
63.738,-10.533,,55.814,-7.4224
64.009,-10.537,,56.051,-7.4224
64.280,-10.548,,56.287,-7.4690
64.551,-10.567,,56.524,-7.4690
64.822,-10.593,,56.760,-7.4690
65.093,-10.619,,56.997,-7.5544
65.364,-10.645,,57.233,-7.6009
65.635,-10.670,,57.470,-7.6009
65.907,-10.694,,57.706,-7.6436
66.178,-10.718,,57.943,-7.6863
66.449,-10.743,,58.179,-7.7328
66.720,-10.768,,58.416,-7.8182
66.991,-10.788,,58.652,-7.7755
67.262,-10.802,,58.889,-7.8182
67.533,-10.809,,59.125,-7.9074
67.804,-10.812,,59.362,-7.9501
68.076,-10.815,,59.598,-7.9501
68.347,-10.816,,59.835,-7.9967
68.618,-10.817,,60.071,-8.0394
68.889,-10.816,,60.308,-8.0820
69.160,-10.813,,60.544,-8.0820
69.431,-10.811,,60.781,-8.1713
69.702,-10.813,,61.017,-8.1713
69.973,-10.819,,61.254,-8.1713
70.245,-10.830,,61.490,-8.2566
70.516,-10.847,,61.727,-8.2566
70.787,-10.863,,61.963,-8.3032
71.058,-10.886,,62.200,-8.3459
71.329,-10.910,,62.436,-8.3886
71.600,-10.936,,62.673,-8.3886
71.871,-10.962,,62.909,-8.4351
72.142,-10.988,,63.146,-8.4778
72.414,-11.011,,63.382,-8.5205
72.685,-11.032,,63.619,-8.5670
72.956,-11.046,,63.855,-8.6097
73.227,-11.056,,64.092,-8.6524
73.498,-11.061,,64.328,-8.6524
73.769,-11.063,,64.565,-8.6990
74.040,-11.064,,64.801,-8.7416
74.312,-11.060,,65.038,-8.7843
74.583,-11.050,,65.274,-8.8309
74.854,-11.036,,65.511,-8.8736
75.125,-11.020,,65.747,-8.8736
75.396,-11.007,,65.984,-8.9162
75.667,-10.996,,66.220,-8.9628
75.938,-10.988,,66.457,-9.0482
76.209,-10.984,,66.693,-9.0482
76.481,-10.976,,66.930,-9.1374
76.752,-10.968,,67.166,-9.1374
77.023,-10.958,,67.403,-9.2228
77.294,-10.949,,67.639,-9.2228
77.565,-10.941,,67.876,-9.2693
77.836,-10.932,,68.112,-9.3120
78.107,-10.911,,68.349,-9.4012
78.378,-10.882,,68.585,-9.4012
78.650,-10.851,,68.822,-9.4012
78.921,-10.822,,69.058,-9.4866
79.192,-10.808,,69.295,-9.4866
79.463,-10.811,,69.531,-9.5758
79.734,-10.839,,69.768,-9.5758
80.005,-10.877,,70.004,-9.6185
80.276,-10.921,,70.241,-9.6651
80.547,-10.966,,70.477,-9.7078
80.819,-11.009,,70.714,-9.7504
81.090,-11.039,,70.950,-9.7970
81.361,-11.060,,71.187,-9.7970
81.632,-11.076,,71.423,-9.8824
81.903,-11.082,,71.660,-9.8824
82.174,-11.080,,71.896,-9.9289
82.445,-11.072,,72.133,-9.9716
82.716,-11.057,,72.369,-10.0608
82.988,-11.037,,72.606,-10.1035
83.259,-11.015,,72.842,-10.1035
83.530,-10.987,,73.079,-10.1462
83.801,-10.961,,73.315,-10.1889
84.072,-10.941,,73.552,-10.2354
84.343,-10.923,,73.788,-10.2781
84.614,-10.905,,74.025,-10.3208
84.885,-10.888,,74.261,-10.4100
85.157,-10.868,,74.498,-10.4100
85.428,-10.849,,74.734,-10.4100
85.699,-10.833,,74.971,-10.4993
85.970,-10.817,,75.207,-10.5420
86.241,-10.806,,75.444,-10.5846
86.512,-10.800,,75.680,-10.5846
86.783,-10.799,,75.917,-10.7166
87.054,-10.802,,76.153,-10.7166
87.326,-10.811,,76.390,-10.7631
87.597,-10.819,,76.626,-10.8058
87.868,-10.824,,76.863,-10.8950
88.139,-10.826,,77.099,-10.8950
88.410,-10.820,,77.336,-10.9377
88.681,-10.806,,77.572,-10.9804
88.952,-10.781,,77.809,-11.0270
89.223,-10.743,,78.045,-11.0270
89.495,-10.697,,78.282,-11.1123
89.766,-10.643,,78.518,-11.1550
90.037,-10.587,,78.755,-11.2016
90.308,-10.527,,78.991,-11.2442
90.579,-10.465,,79.228,-11.2869
90.850,-10.407,,79.464,-11.3335
91.121,-10.350,,79.701,-11.3335
91.392,-10.294,,79.937,-11.3762
91.664,-10.242,,80.174,-11.4188
91.935,-10.194,,80.410,-11.4654
92.206,-10.153,,80.647,-11.5081
92.477,-10.119,,80.883,-11.5973
92.748,-10.088,,81.120,-11.5973
93.019,-10.064,,81.356,-11.6400
93.290,-10.046,,81.593,-11.7292
93.562,-10.028,,81.829,-11.7292
93.833,-10.012,,82.066,-11.7719
94.104,-9.996,,82.302,-11.8146
94.375,-9.978,,82.539,-11.8146
94.646,-9.961,,82.775,-11.9465
94.917,-9.939,,83.012,-11.9931
95.188,-9.919,,83.248,-12.0358
95.459,-9.899,,83.485,-12.0784
95.731,-9.886,,83.721,-12.1211
96.002,-9.879,,83.958,-12.1211
96.273,-9.881,,84.194,-12.2104
96.544,-9.889,,84.431,-12.2104
96.815,-9.901,,84.667,-12.2530
97.086,-9.919,,84.904,-12.3423
97.357,-9.947,,85.140,-12.3423
97.628,-9.986,,85.377,-12.4315
97.900,-10.030,,85.613,-12.4315
98.171,-10.068,,85.850,-12.4742
98.442,-10.098,,86.086,-12.5169
98.713,-10.117,,86.323,-12.5634
98.984,-10.124,,86.559,-12.6488
99.255,-10.123,,86.796,-12.6488
99.526,-10.116,,87.032,-12.6954
99.797,-10.106,,87.269,-12.7380
100.069,-10.097,,87.505,-12.7380
100.340,-10.090,,87.742,-12.8273
100.611,-10.087,,87.978,-12.8700
100.882,-10.087,,88.215,-12.9126
101.153,-10.091,,88.451,-12.9126
101.424,-10.096,,88.688,-13.0019
101.695,-10.110,,88.924,-13.0019
101.966,-10.132,,89.161,-13.0872
102.238,-10.158,,89.397,-13.1338
102.509,-10.184,,89.634,-13.1338
102.780,-10.210,,89.870,-13.2192
103.051,-10.231,,90.107,-13.2192
103.322,-10.247,,90.343,-13.3084
103.593,-10.259,,90.580,-13.3084
103.864,-10.270,,90.816,-13.3976
104.135,-10.277,,91.053,-13.3976
104.407,-10.279,,91.289,-13.4403
104.678,-10.276,,91.526,-13.4830
104.949,-10.269,,91.762,-13.5296
105.220,-10.261,,91.999,-13.5722
105.491,-10.241,,92.235,-13.6149
105.762,-10.216,,92.472,-13.6615
106.033,-10.179,,92.708,-13.6615
106.304,-10.130,,92.945,-13.7042
106.576,-10.077,,93.181,-13.7934
106.847,-10.016,,93.418,-13.7934
107.118,-9.945,,93.654,-13.8361
107.389,-9.860,,93.891,-13.9214
107.660,-9.756,,94.127,-13.9680
107.931,-9.635,,94.364,-14.0107
108.202,-9.500,,94.600,-14.0107
108.473,-9.354,,94.837,-14.1426
108.745,-9.193,,95.073,-14.1426
109.016,-9.020,,95.310,-14.1426
109.287,-8.842,,95.546,-14.2318
109.558,-8.666,,95.783,-14.2745
109.829,-8.498,,96.019,-14.3172
110.100,-8.333,,96.256,-14.3638
110.371,-8.167,,96.492,-14.4064
110.642,-7.999,,96.729,-14.4491
110.914,-7.831,,96.965,-14.4957
111.185,-7.666,,97.202,-14.5384
111.456,-7.506,,97.438,-14.5810
111.727,-7.354,,97.675,-14.5810
111.998,-7.207,,97.911,-14.6703
112.269,-7.065,,98.148,-14.7595
112.540,-6.929,,98.384,-14.7595
112.812,-6.799,,98.621,-14.8449
113.083,-6.674,,98.857,-14.8876
113.354,-6.554,,99.094,-14.9341
113.625,-6.436,,99.330,-14.9768
113.896,-6.324,,99.567,-15.0195
114.167,-6.220,,99.803,-15.0660
114.438,-6.126,,100.040,-15.1087
114.709,-6.034,,100.276,-15.1980
114.981,-5.945,,100.513,-15.2406
115.252,-5.858,,100.749,-15.2833
115.523,-5.775,,100.986,-15.2833
115.794,-5.691,,101.222,-15.3726
116.065,-5.609,,101.459,-15.3726
116.336,-5.524,,101.695,-15.4618
116.607,-5.433,,101.932,-15.5045
116.878,-5.342,,102.168,-15.5472
117.150,-5.251,,102.405,-15.5472
117.421,-5.158,,102.641,-15.5937
117.692,-5.062,,102.878,-15.6791
117.963,-4.963,,103.114,-15.7218
118.234,-4.867,,103.351,-15.7218
118.505,-4.767,,103.587,-15.8110
118.776,-4.670,,103.824,-15.8110
119.047,-4.576,,104.060,-15.9002
119.319,-4.483,,104.297,-15.9856
119.590,-4.382,,104.533,-15.9856
119.861,-4.269,,104.770,-16.0322
120.132,-4.138,,105.006,-16.1175
120.403,-3.995,,105.243,-16.1641
120.674,-3.839,,105.479,-16.2068
120.945,-3.678,,105.716,-16.2068
121.216,-3.511,,105.952,-16.2960
121.488,-3.339,,106.189,-16.3814
121.759,-3.167,,106.425,-16.4279
122.030,-2.997,,106.662,-16.4279
122.301,-2.824,,106.898,-16.4706
122.572,-2.643,,107.135,-16.5133
122.843,-2.460,,107.371,-16.6025
123.114,-2.273,,107.608,-16.6025
123.385,-2.084,,107.844,-16.6452
123.657,-1.898,,108.081,-16.6879
123.928,-1.714,,108.317,-16.7344
124.199,-1.536,,108.554,-16.7344
124.470,-1.364,,108.790,-16.7771
124.741,-1.206,,109.027,-16.8664
125.012,-1.064,,109.263,-16.8664
125.283,-0.933,,109.500,-16.9090
125.554,-0.814,,109.736,-16.9090
125.826,-0.699,,109.973,-16.9983
126.097,-0.588,,110.209,-16.9983
126.368,-0.479,,110.446,-17.0410
126.639,-0.370,,110.682,-17.0410
126.910,-0.266,,110.919,-17.1302
127.181,-0.163,,111.155,-17.1302
127.452,-0.059,,111.392,-17.1302
127.723,0.043,,111.628,-17.1729
127.995,0.144,,111.865,-17.2621
128.266,0.243,,112.101,-17.2621
128.537,0.333,,112.338,-17.3048
128.808,0.411,,112.574,-17.3475
129.079,0.470,,112.811,-17.3475
129.350,0.506,,113.047,-17.3940
129.621,0.534,,113.284,-17.3940
129.892,0.565,,113.520,-17.3940
130.164,0.600,,113.757,-17.4794
130.435,0.658,,113.993,-17.4794
130.706,0.735,,114.230,-17.5260
130.977,0.840,,114.466,-17.5686
131.248,0.983,,114.703,-17.5686
131.519,1.159,,114.939,-17.6113
131.790,1.369,,115.176,-17.6113
132.062,1.606,,115.412,-17.6579
132.333,1.872,,115.649,-17.6579
132.604,2.159,,115.885,-17.7432
132.875,2.463,,116.122,-17.7432
133.146,2.781,,116.358,-17.7859
133.417,3.097,,116.595,-17.7432
133.688,3.365,,116.831,-17.7898
133.959,3.587,,117.068,-17.8752
134.231,3.775,,117.304,-17.8752
134.502,3.931,,117.541,-17.8752
134.773,4.062,,117.777,-17.9178
135.044,4.173,,118.014,-17.9644
135.315,4.264,,118.250,-17.9644
135.586,4.342,,118.487,-17.9644
135.857,4.398,,118.723,-18.0498
136.128,4.426,,118.960,-18.0071
136.400,4.434,,119.196,-18.0963
136.671,4.430,,119.433,-18.0963
136.942,4.421,,119.669,-18.0963
137.213,4.407,,119.906,-18.1390
137.484,4.392,,120.142,-18.1390
137.755,4.377,,120.379,-18.2282
138.026,4.362,,120.615,-18.2282
138.297,4.354,,120.852,-18.2282
138.569,4.350,,121.088,-18.2709
138.840,4.348,,121.325,-18.2709
139.111,4.347,,121.561,-18.3136
139.382,4.349,,121.798,-18.3136
139.653,4.352,,122.034,-18.3602
139.924,4.363,,122.271,-18.3602
140.195,4.376,,122.507,-18.3602
140.466,4.391,,122.744,-18.4028
140.738,4.408,,122.980,-18.4028
141.009,4.425,,123.217,-18.4455
141.280,4.443,,123.453,-18.4028
141.551,4.466,,123.690,-18.4455
141.822,4.487,,123.926,-18.4455
142.093,4.508,,124.163,-18.4921
142.364,4.531,,124.399,-18.4921
142.635,4.550,,124.636,-18.5348
142.907,4.563,,124.872,-18.5348
143.178,4.573,,125.109,-18.5348
143.449,4.578,,125.345,-18.5774
143.720,4.575,,125.582,-18.5813
143.991,4.568,,125.818,-18.5774
144.262,4.559,,126.055,-18.6240
144.533,4.545,,126.291,-18.5774
144.804,4.528,,126.528,-18.5774
145.076,4.513,,126.764,-18.6667
145.347,4.498,,127.001,-18.6667
145.618,4.483,,127.237,-18.6240
145.889,4.468,,127.474,-18.6667
146.160,4.452,,127.710,-18.6667
146.431,4.440,,127.947,-18.6667
146.702,4.431,,128.183,-18.7094
146.973,4.422,,128.420,-18.7094
147.245,4.415,,128.656,-18.7094
147.516,4.407,,128.893,-18.7094
147.787,4.403,,129.129,-18.7094
148.058,4.400,,129.366,-18.7094
148.329,4.398,,129.602,-18.7559
148.600,4.398,,129.839,-18.7559
148.871,4.401,,130.075,-18.7559
149.142,4.406,,130.312,-18.7986
149.414,4.411,,130.548,-18.7094
149.685,4.415,,130.785,-18.7559
149.956,4.420,,131.021,-18.7559
150.227,4.424,,131.258,-18.7132
150.498,4.425,,131.494,-18.7559
150.769,4.424,,131.731,-18.7559
151.040,4.421,,131.967,-18.7559
151.312,4.418,,132.204,-18.7132
151.583,4.413,,132.440,-18.7132
151.854,4.406,,132.677,-18.7132
152.125,4.397,,132.913,-18.7559
152.396,4.386,,133.150,-18.7132
152.667,4.374,,133.386,-18.7132
152.938,4.361,,133.623,-18.6667
153.209,4.346,,133.859,-18.6667
153.481,4.331,,134.096,-18.6667
153.752,4.315,,134.332,-18.6240
154.023,4.301,,134.569,-18.5813
154.294,4.288,,134.805,-18.5348
154.565,4.278,,135.042,-18.5813
154.836,4.273,,135.278,-18.5348
155.107,4.270,,135.515,-18.5348
155.378,4.271,,135.751,-18.4921
155.650,4.274,,135.988,-18.4921
155.921,4.274,,136.224,-18.4494
156.192,4.276,,136.461,-18.4494
156.463,4.279,,136.697,-18.4067
156.734,4.281,,136.934,-18.4067
157.005,4.284,,137.170,-18.4067
157.276,4.288,,137.407,-18.4067
157.547,4.292,,137.643,-18.4067
157.819,4.294,,137.880,-18.4494
158.090,4.295,,138.116,-18.4067
158.361,4.294,,138.353,-18.4067
158.632,4.293,,138.589,-18.4067
158.903,4.290,,138.826,-18.4067
159.174,4.286,,139.062,-18.4067
159.445,4.281,,139.299,-18.3602
159.716,4.274,,139.535,-18.4067
159.988,4.265,,139.772,-18.4067
160.259,4.258,,140.008,-18.4067
160.530,4.247,,140.245,-18.3602
160.801,4.237,,140.481,-18.4067
161.072,4.227,,140.718,-18.3602
161.343,4.219,,140.954,-18.3602
161.614,4.211,,141.191,-18.3175
161.885,4.202,,141.427,-18.3602
162.157,4.193,,141.664,-18.3602
162.428,4.186,,141.900,-18.3175
162.699,4.180,,142.137,-18.2748
162.970,4.174,,142.373,-18.2748
163.241,4.170,,142.610,-18.2748
163.512,4.166,,142.846,-18.1856
163.783,4.164,,143.083,-18.1856
164.054,4.163,,143.319,-18.1856
164.326,4.165,,143.556,-18.1856
164.597,4.168,,143.792,-18.1429
164.868,4.172,,144.029,-18.1429
165.139,4.177,,144.265,-18.0536
165.410,4.182,,144.502,-18.1002
165.681,4.187,,144.738,-18.0536
165.952,4.188,,144.975,-18.0110
166.223,4.191,,145.211,-18.0110
166.495,4.192,,145.448,-18.0110
166.766,4.191,,145.684,-17.9683
167.037,4.190,,145.921,-17.9683
167.308,4.189,,146.157,-17.9256
167.579,4.186,,146.394,-17.9683
167.850,4.182,,146.630,-17.9256
168.121,4.179,,146.867,-17.9256
168.392,4.174,,147.103,-17.8790
168.664,4.168,,147.340,-17.8790
168.935,4.160,,147.576,-17.9256
169.206,4.152,,147.813,-17.8364
169.477,4.144,,148.049,-17.8364
169.748,4.138,,148.286,-17.8364
170.019,4.132,,148.522,-17.7937
170.290,4.126,,148.759,-17.7937
170.562,4.122,,148.995,-17.7937
170.833,4.115,,149.232,-17.7471
171.104,4.113,,149.468,-17.7937
171.375,4.113,,149.705,-17.7510
171.646,4.111,,149.941,-17.7044
171.917,4.110,,150.178,-17.7044
172.188,4.106,,150.414,-17.7044
172.459,4.104,,150.651,-17.6618
172.731,4.104,,150.887,-17.6618
173.002,4.103,,151.124,-17.6152
173.273,4.105,,151.360,-17.5725
173.544,4.105,,151.597,-17.5725
173.815,4.106,,151.833,-17.5725
174.086,4.106,,152.070,-17.5725
174.357,4.106,,152.306,-17.5298
174.628,4.103,,152.543,-17.4872
174.900,4.100,,152.779,-17.4406
175.171,4.094,,153.016,-17.4406
175.442,4.088,,153.252,-17.3979
175.713,4.083,,153.489,-17.3979
175.984,4.077,,153.725,-17.3552
176.255,4.071,,153.962,-17.3552
176.526,4.064,,154.198,-17.3087
176.797,4.056,,154.435,-17.3087
177.069,4.051,,154.671,-17.3087
177.340,4.047,,154.908,-17.3087
177.611,4.043,,155.144,-17.2660
177.882,4.040,,155.381,-17.2233
178.153,4.037,,155.617,-17.1806
178.424,4.036,,155.854,-17.1806
178.695,4.037,,156.090,-17.1341
178.966,4.040,,156.327,-17.1341
179.238,4.041,,156.563,-17.0914
179.509,4.045,,156.800,-17.0914
179.780,4.048,,157.036,-17.1341
180.051,4.052,,157.273,-17.0914
180.322,4.055,,157.509,-17.0487
180.593,4.059,,157.746,-17.0022
180.864,4.064,,157.982,-17.0022
181.135,4.068,,158.219,-16.9595
181.407,4.071,,158.455,-16.9168
181.678,4.073,,158.692,-16.9168
181.949,4.074,,158.928,-16.9168
182.220,4.076,,159.165,-16.8741
182.491,4.077,,159.401,-16.8702
182.762,4.079,,159.638,-16.7849
183.033,4.080,,159.874,-16.8276
183.304,4.082,,160.111,-16.7849
183.576,4.083,,160.347,-16.7422
183.847,4.087,,160.584,-16.7422
184.118,4.093,,160.820,-16.6530
184.389,4.100,,161.057,-16.6956
184.660,4.109,,161.293,-16.6530
184.931,4.119,,161.530,-16.6103
185.202,4.129,,161.766,-16.6530
185.473,4.140,,162.003,-16.6103
185.745,4.152,,162.239,-16.5637
186.016,4.162,,162.476,-16.5637
186.287,4.172,,162.712,-16.4784
186.558,4.182,,162.949,-16.5210
186.829,4.193,,163.185,-16.4784
187.100,4.205,,163.422,-16.4784
187.371,4.213,,163.658,-16.4357
187.642,4.222,,163.895,-16.4357
187.914,4.230,,164.131,-16.3891
188.185,4.240,,164.368,-16.3464
188.456,4.251,,164.604,-16.3464
188.727,4.260,,164.841,-16.3038
188.998,4.270,,165.077,-16.3038
189.269,4.278,,165.314,-16.2572
189.540,4.287,,165.550,-16.2572
189.812,4.295,,165.787,-16.2145
190.083,4.300,,166.023,-16.2145
190.354,4.306,,166.260,-16.1718
190.625,4.311,,166.496,-16.1718
190.896,4.316,,166.733,-16.1253
191.167,4.318,,166.969,-16.0826
191.438,4.318,,167.206,-16.0399
191.709,4.318,,167.442,-16.0399
191.981,4.317,,167.679,-16.0399
192.252,4.313,,167.915,-15.9507
192.523,4.310,,168.152,-15.9507
192.794,4.305,,168.388,-15.9080
193.065,4.299,,168.625,-15.9080
193.336,4.290,,168.861,-15.8653
193.607,4.281,,169.098,-15.8653
193.878,4.270,,169.334,-15.8188
194.150,4.258,,169.571,-15.7761
194.421,4.245,,169.807,-15.8188
194.692,4.233,,170.044,-15.7334
194.963,4.219,,170.280,-15.7334
195.234,4.204,,170.517,-15.6868
195.505,4.188,,170.753,-15.7334
195.776,4.171,,170.990,-15.6442
196.047,4.152,,171.226,-15.6442
196.319,4.135,,171.463,-15.6015
196.590,4.118,,171.699,-15.6015
196.861,4.100,,171.936,-15.5588
197.132,4.083,,172.172,-15.5588
197.403,4.065,,172.409,-15.5122
197.674,4.048,,172.645,-15.5122
197.945,4.031,,172.882,-15.4696
198.216,4.016,,173.118,-15.3803
198.488,3.998,,173.355,-15.4269
198.759,3.981,,173.591,-15.3803
199.030,3.965,,173.828,-15.3803
199.301,3.950,,174.064,-15.3376
199.572,3.935,,174.301,-15.2950
199.843,3.919,,174.537,-15.2950
200.114,3.904,,174.774,-15.2523
200.385,3.887,,175.010,-15.2057
200.657,3.871,,175.247,-15.1630
200.928,3.853,,175.483,-15.1630
201.199,3.837,,175.720,-15.1204
201.470,3.818,,175.956,-15.1204
201.741,3.801,,176.193,-15.0738
202.012,3.782,,176.429,-15.0311
202.283,3.766,,176.666,-14.9884
202.554,3.749,,176.902,-14.9884
202.826,3.736,,177.139,-14.9419
203.097,3.724,,177.375,-14.9419
203.368,3.712,,177.612,-14.8992
203.639,3.701,,177.848,-14.8992
203.910,3.693,,178.085,-14.8565
204.181,3.687,,178.321,-14.8565
204.452,3.680,,178.558,-14.7673
204.723,3.675,,178.794,-14.7673
204.995,3.671,,179.031,-14.7246
205.266,3.670,,179.267,-14.7246
205.537,3.668,,179.504,-14.6819
205.808,3.668,,179.740,-14.6819
206.079,3.670,,179.977,-14.6354
206.350,3.672,,180.213,-14.6354
206.621,3.675,,180.450,-14.5927
206.892,3.677,,180.686,-14.5500
207.164,3.680,,180.923,-14.5500
207.435,3.682,,181.159,-14.4608
207.706,3.688,,181.396,-14.4608
207.977,3.695,,181.632,-14.4608
208.248,3.703,,181.869,-14.4181
208.519,3.713,,182.105,-14.3754
208.790,3.724,,182.342,-14.3288
209.062,3.736,,182.578,-14.3715
209.333,3.747,,182.815,-14.2862
209.604,3.757,,183.051,-14.2862
209.875,3.764,,183.288,-14.2435
210.146,3.768,,183.524,-14.2435
210.417,3.770,,183.761,-14.1969
210.688,3.771,,183.997,-14.1542
210.959,3.774,,184.234,-14.1542
211.231,3.780,,184.470,-14.1116
211.502,3.786,,184.707,-14.0650
211.773,3.794,,184.943,-14.0650
212.044,3.801,,185.180,-13.9796
212.315,3.809,,185.416,-13.9796
212.586,3.819,,185.653,-13.9796
212.857,3.829,,185.889,-13.9331
213.128,3.838,,186.126,-13.8904
213.400,3.842,,186.362,-13.8477
213.671,3.846,,186.599,-13.8477
213.942,3.851,,186.835,-13.8477
214.213,3.852,,187.072,-13.8050
214.484,3.853,,187.308,-13.8477
214.755,3.854,,187.545,-13.7585
215.026,3.855,,187.781,-13.7158
215.297,3.857,,188.018,-13.7158
215.569,3.855,,188.254,-13.7158
215.840,3.855,,188.491,-13.6731
216.111,3.853,,188.727,-13.6266
216.382,3.851,,188.964,-13.6266
216.653,3.851,,189.200,-13.5839
216.924,3.856,,189.437,-13.5412
217.195,3.861,,189.673,-13.4946
217.466,3.868,,189.910,-13.4946
217.738,3.876,,190.146,-13.4520
218.009,3.882,,190.383,-13.4520
218.280,3.883,,190.619,-13.4093
218.551,3.883,,190.856,-13.4093
218.822,3.884,,191.092,-13.3666
219.093,3.889,,191.329,-13.3200
219.364,3.904,,191.565,-13.2774
219.635,3.923,,191.802,-13.2774
219.907,3.938,,192.038,-13.1881
220.178,3.950,,192.275,-13.1881
220.449,3.956,,192.511,-13.1881
220.720,3.965,,192.748,-13.1881
220.991,3.983,,192.984,-13.1028
221.262,4.010,,193.221,-13.0601
221.533,4.046,,193.457,-13.0562
221.804,4.085,,193.694,-13.0135
222.076,4.124,,193.930,-12.9708
222.347,4.157,,194.167,-12.9282
222.618,4.193,,194.403,-12.9282
222.889,4.231,,194.640,-12.9282
223.160,4.275,,194.876,-12.8389
223.431,4.323,,195.113,-12.8389
223.702,4.374,,195.349,-12.8389
223.973,4.420,,195.586,-12.7962
224.245,4.462,,195.822,-12.7962
224.516,4.506,,196.059,-12.7497
224.787,4.554,,196.295,-12.7070
225.058,4.606,,196.532,-12.7070
225.329,4.662,,196.768,-12.6643
225.600,4.725,,197.005,-12.6178
225.871,4.793,,197.241,-12.6178
226.142,4.861,,197.478,-12.5751
226.414,4.927,,197.714,-12.5324
226.685,4.976,,197.951,-12.4858
226.956,5.008,,198.187,-12.4432
227.227,5.024,,198.424,-12.4432
227.498,5.031,,198.660,-12.4005
227.769,5.028,,198.897,-12.4005
228.040,5.013,,199.133,-12.3578
228.312,4.993,,199.370,-12.3578
228.583,4.974,,199.606,-12.3112
228.854,4.959,,199.843,-12.2686
229.125,4.946,,200.079,-12.2686
229.396,4.939,,200.316,-12.1793
229.667,4.939,,200.552,-12.1793
229.938,4.943,,200.789,-12.1793
230.209,4.951,,201.025,-12.0940
230.481,4.963,,201.262,-12.1366
230.752,4.975,,201.498,-12.0474
231.023,4.985,,201.735,-12.0047
231.294,4.993,,201.971,-12.0047
231.565,4.996,,202.208,-12.0047
231.836,4.996,,202.444,-11.9194
232.107,4.993,,202.681,-11.8728
232.378,4.987,,202.917,-11.8728
232.650,4.979,,203.154,-11.8301
232.921,4.969,,203.390,-11.8301
233.192,4.958,,203.627,-11.7874
233.463,4.946,,203.863,-11.7409
233.734,4.938,,204.100,-11.7409
234.005,4.931,,204.336,-11.6982
234.276,4.927,,204.573,-11.6555
234.547,4.918,,204.809,-11.6090
234.819,4.907,,205.046,-11.5663
235.090,4.899,,205.282,-11.5236
235.361,4.893,,205.519,-11.5663
235.632,4.886,,205.755,-11.4809
235.903,4.877,,205.992,-11.4344
236.174,4.865,,206.228,-11.4344
236.445,4.853,,206.465,-11.3917
236.716,4.843,,206.701,-11.3490
236.988,4.830,,206.938,-11.3490
237.259,4.815,,207.174,-11.3024
237.530,4.796,,207.411,-11.2171
237.801,4.780,,207.647,-11.2598
238.072,4.769,,207.884,-11.2171
238.343,4.760,,208.120,-11.1705
238.614,4.755,,208.357,-11.1705
238.885,4.750,,208.593,-11.1278
239.157,4.745,,208.830,-11.0852
239.428,4.745,,209.066,-11.0386
239.699,4.747,,209.303,-10.9959
239.970,4.754,,209.539,-10.9106
240.241,4.764,,209.776,-10.9532
240.512,4.779,,210.012,-10.9106
240.783,4.800,,210.249,-10.8640
241.054,4.824,,210.485,-10.8213
241.326,4.847,,210.722,-10.8213
241.597,4.871,,210.958,-10.7786
241.868,4.891,,211.195,-10.7321
242.139,4.910,,211.431,-10.7321
242.410,4.924,,211.668,-10.6467
242.681,4.936,,211.904,-10.6467
242.952,4.947,,212.141,-10.6467
243.223,4.961,,212.377,-10.5575
243.495,4.977,,212.614,-10.5575
243.766,4.992,,212.850,-10.5148
244.037,5.004,,213.087,-10.4682
244.308,5.013,,213.323,-10.4256
244.579,5.020,,213.560,-10.4256
244.850,5.031,,213.796,-10.3829
245.121,5.045,,214.033,-10.3402
245.392,5.053,,214.269,-10.2936
245.664,5.054,,214.506,-10.2936
245.935,5.051,,214.742,-10.2510
246.206,5.047,,214.979,-10.2083
246.477,5.042,,215.215,-10.2083
246.748,5.038,,215.452,-10.1190
247.019,5.030,,215.688,-10.1190
247.290,5.018,,215.925,-10.0764
247.562,5.005,,216.161,-10.0764
247.833,4.994,,216.398,-10.0298
248.104,4.987,,216.634,-9.9871
248.375,4.979,,216.871,-9.9444
248.646,4.974,,217.107,-9.9444
248.917,4.970,,217.344,-9.8552
249.188,4.969,,217.580,-9.8552
249.459,4.968,,217.817,-9.8125
249.731,4.964,,218.053,-9.7698
250.002,4.958,,218.290,-9.7698
250.273,4.954,,218.526,-9.7233
250.544,4.948,,218.763,-9.6806
250.815,4.935,,218.999,-9.6379
251.086,4.915,,219.236,-9.6379
251.357,4.895,,219.472,-9.6379
251.628,4.872,,219.709,-9.5487
251.900,4.844,,219.945,-9.5487
252.171,4.811,,220.182,-9.5060
252.442,4.773,,220.418,-9.4594
252.713,4.735,,220.655,-9.4594
252.984,4.706,,220.891,-9.4168
253.255,4.686,,221.128,-9.3314
253.526,4.668,,221.364,-9.3314
253.797,4.647,,221.601,-9.3314
254.069,4.627,,221.837,-9.2848
254.340,4.606,,222.074,-9.2422
254.611,4.588,,222.310,-9.2422
254.882,4.573,,222.547,-9.1995
255.153,4.563,,222.783,-9.1529
255.424,4.556,,223.020,-9.1102
255.695,4.551,,223.256,-9.1102
255.966,4.546,,223.493,-9.1102
256.238,4.540,,223.729,-9.0210
256.509,4.534,,223.966,-8.9783
256.780,4.529,,224.202,-8.9783
257.051,4.524,,224.439,-8.8891
257.322,4.521,,224.675,-8.8464
257.593,4.518,,224.912,-8.8037
257.864,4.516,,225.148,-8.8037
258.135,4.512,,225.385,-8.8037
258.407,4.511,,225.621,-8.8037
258.678,4.508,,225.858,-8.7145
258.949,4.507,,226.094,-8.6718
259.220,4.509,,226.331,-8.6718
259.491,4.509,,226.567,-8.6291
259.762,4.506,,226.804,-8.6718
260.033,4.505,,227.040,-8.5826
260.304,4.505,,227.277,-8.5399
260.576,4.504,,227.513,-8.5399
260.847,4.504,,227.750,-8.5399
261.118,4.509,,227.986,-8.5399
261.389,4.523,,228.223,-8.4972
261.660,4.542,,228.459,-8.4972
261.931,4.561,,228.696,-8.4972
262.202,4.577,,228.932,-8.4506
262.473,4.588,,229.169,-8.4506
262.745,4.599,,229.405,-8.4506
263.016,4.615,,229.642,-8.4080
263.287,4.636,,229.878,-8.4506
263.558,4.654,,230.115,-8.4545
263.829,4.672,,230.351,-8.4080
264.100,4.689,,230.588,-8.4080
264.371,4.700,,230.824,-8.4080
264.642,4.713,,231.061,-8.4080
264.914,4.731,,231.297,-8.4080
265.185,4.750,,231.534,-8.4080
265.456,4.766,,231.770,-8.3653
265.727,4.780,,232.007,-8.4080
265.998,4.795,,232.243,-8.4080
266.269,4.811,,232.480,-8.3653
266.540,4.831,,232.716,-8.3226
266.812,4.847,,232.953,-8.3226
267.083,4.860,,233.189,-8.3226
267.354,4.865,,233.426,-8.3226
267.625,4.866,,233.662,-8.2760
267.896,4.867,,233.899,-8.2760
268.167,4.868,,234.135,-8.2334
268.438,4.869,,234.372,-8.2334
268.709,4.866,,234.608,-8.2334
268.981,4.856,,234.845,-8.1907
269.252,4.839,,235.081,-8.2334
269.523,4.822,,235.318,-8.1441
269.794,4.805,,235.554,-8.1441
270.065,4.790,,235.791,-8.1441
270.336,4.775,,236.027,-8.1441
270.607,4.757,,236.264,-8.1014
270.878,4.734,,236.500,-8.1014
271.150,4.708,,236.737,-8.1014
271.421,4.684,,236.973,-8.1014
271.692,4.666,,237.210,-8.0588
271.963,4.656,,237.446,-8.1014
272.234,4.651,,237.683,-8.0122
272.505,4.634,,237.919,-8.0588
272.776,4.608,,238.156,-8.0122
273.047,4.582,,238.392,-7.9695
273.319,4.560,,238.629,-7.9695
273.590,4.543,,238.865,-7.9695
273.861,4.525,,239.102,-7.9695
274.132,4.500,,239.338,-7.9695
274.403,4.471,,239.575,-7.9695
274.674,4.441,,239.811,-7.8842
274.945,4.410,,240.048,-7.8842
275.216,4.377,,240.284,-7.8376
275.488,4.343,,240.521,-7.8842
275.759,4.312,,240.757,-7.8842
276.030,4.281,,240.994,-7.8376
276.301,4.252,,241.230,-7.7949
276.572,4.223,,241.467,-7.8376
276.843,4.194,,241.703,-7.7522
277.114,4.165,,241.940,-7.7522
277.385,4.138,,242.176,-7.7522
277.657,4.114,,242.413,-7.7057
277.928,4.092,,242.649,-7.7057
278.199,4.076,,242.886,-7.7057
278.470,4.065,,243.122,-7.6630
278.741,4.053,,243.359,-7.6630
279.012,4.037,,243.595,-7.6203
279.283,4.018,,243.832,-7.5738
279.554,3.999,,244.068,-7.5738
279.826,3.986,,244.305,-7.5738
280.097,3.978,,244.541,-7.5738
280.368,3.971,,244.778,-7.5738
280.639,3.957,,245.014,-7.5311
280.910,3.931,,245.251,-7.4884
281.181,3.898,,245.487,-7.4418
281.452,3.865,,245.724,-7.4418
281.723,3.834,,245.960,-7.4418
281.995,3.804,,246.197,-7.3992
282.266,3.776,,246.433,-7.4457
282.537,3.752,,246.670,-7.3992
282.808,3.731,,246.906,-7.3565
283.079,3.705,,247.143,-7.3565
283.350,3.671,,247.379,-7.3992
283.621,3.634,,247.616,-7.3992
283.892,3.605,,247.852,-7.3565
284.164,3.587,,248.089,-7.3565
284.435,3.568,,248.325,-7.3138
284.706,3.537,,248.562,-7.3138
284.977,3.500,,248.798,-7.2672
285.248,3.479,,249.035,-7.2672
285.519,3.473,,249.271,-7.3138
285.790,3.481,,249.508,-7.2672
286.062,3.487,,249.744,-7.2672
286.333,3.481,,249.981,-7.2672
286.604,3.461,,250.217,-7.2672
286.875,3.439,,250.454,-7.2246
287.146,3.429,,250.690,-7.2246
287.417,3.424,,250.927,-7.1819
287.688,3.413,,251.163,-7.1819
287.959,3.396,,251.400,-7.2246
288.231,3.388,,251.636,-7.1353
288.502,3.388,,251.873,-7.1353
288.773,3.386,,252.109,-7.1353
289.044,3.367,,252.346,-7.0926
289.315,3.338,,252.582,-7.1353
289.586,3.330,,252.819,-7.0926
289.857,3.344,,253.055,-7.0500
290.128,3.357,,253.292,-7.0926
290.400,3.343,,253.528,-7.0500
290.671,3.306,,253.765,-7.0500
290.942,3.297,,254.001,-7.0500
291.213,3.339,,254.238,-7.0073
291.484,3.407,,254.474,-7.0073
291.755,3.447,,254.711,-7.0073
292.026,3.450,,254.947,-7.0073
292.297,3.469,,255.184,-6.9607
292.569,3.525,,255.420,-6.9607
292.840,3.581,,255.657,-6.9607
293.111,3.610,,255.893,-6.9180
293.382,3.628,,256.130,-6.8754
293.653,3.655,,256.366,-6.8754
293.924,3.676,,256.603,-6.8754
294.195,3.684,,256.839,-6.8754
294.466,3.721,,257.076,-6.8288
294.738,3.782,,257.312,-6.8754
295.009,3.808,,257.549,-6.7861
295.280,3.788,,257.785,-6.8288
295.551,3.781,,258.022,-6.8288
295.822,3.799,,258.258,-6.7861
296.093,3.805,,258.495,-6.7434
296.364,3.809,,258.731,-6.6969
296.635,3.834,,258.968,-6.7434
296.907,3.860,,259.204,-6.7434
297.178,3.878,,259.441,-6.7434
297.449,3.899,,259.677,-6.6969
297.720,3.932,,259.914,-6.6542
297.991,3.971,,260.150,-6.6969
298.262,4.011,,260.387,-6.6542
298.533,4.063,,260.623,-6.6115
298.804,4.113,,260.860,-6.6115
299.076,4.129,,261.096,-6.6115
299.347,4.132,,261.333,-6.6115
299.618,4.188,,261.569,-6.5650
299.889,4.280,,261.806,-6.5650
300.160,4.315,,262.042,-6.5650
300.431,4.272,,262.279,-6.5223
300.702,4.257,,262.515,-6.5223
300.973,4.308,,262.752,-6.4796
301.245,4.313,,262.988,-6.5223
301.516,4.266,,263.225,-6.4796
301.787,4.313,,263.461,-6.4796
302.058,4.333,,263.698,-6.4796
302.329,4.236,,263.934,-6.4369
302.600,4.166,,264.171,-6.3904
302.871,4.272,,264.407,-6.3477
303.142,4.370,,264.644,-6.3904
303.414,4.198,,264.880,-6.3904
303.685,3.984,,265.117,-6.3477
303.956,4.133,,265.353,-6.3050
304.227,4.385,,265.590,-6.3050
304.498,4.200,,265.826,-6.3050
304.769,4.069,,266.063,-6.3050
305.040,4.234,,266.299,-6.2584
305.312,4.202,,266.536,-6.3050
305.583,3.904,,266.772,-6.2584
305.854,3.881,,267.009,-6.1731
306.125,4.068,,267.245,-6.1731
306.396,4.070,,267.482,-6.1731
306.667,3.887,,267.718,-6.1265
306.938,3.577,,267.955,-6.1265
307.209,3.366,,268.191,-6.1265
307.481,2.571,,268.428,-6.0838
307.752,1.162,,268.664,-6.1265
308.023,0.117,,268.901,-6.0412
308.294,-0.597,,269.137,-6.0838
308.565,-0.821,,269.374,-6.0412
308.836,-0.208,,269.610,-5.9985
309.107,-0.109,,269.847,-5.9985
309.378,-0.700,,270.083,-5.9946
309.650,-0.802,,270.320,-5.9519
309.921,-0.330,,270.556,-5.9519
310.192,-0.096,,270.793,-5.9519
310.463,-0.292,,271.029,-5.9092
310.734,-0.670,,271.266,-5.9092
311.005,-0.381,,271.502,-5.8666
311.276,-0.337,,271.739,-5.8666
311.547,-0.852,,271.975,-5.8666
311.819,-0.936,,272.212,-5.8200
312.090,-0.221,,272.448,-5.8200
312.361,-0.654,,272.685,-5.8200
312.632,-1.054,,272.921,-5.7773
312.903,-0.504,,273.158,-5.7773
313.174,-0.552,,273.394,-5.7346
313.445,-0.725,,273.631,-5.6881
313.716,-0.675,,273.867,-5.6454
313.988,-0.569,,274.104,-5.6881
314.259,-0.744,,274.340,-5.6454
314.530,-0.790,,274.577,-5.6027
314.801,-0.343,,274.813,-5.5562
315.072,-0.548,,275.050,-5.5562
315.343,-0.726,,275.286,-5.5562
315.614,-0.477,,275.523,-5.5135
315.885,-0.335,,275.759,-5.5135
316.157,-0.260,,275.996,-5.4708
316.428,-0.691,,276.232,-5.4242
316.699,-0.313,,276.469,-5.3816
316.970,-0.052,,276.705,-5.3816
317.241,-0.421,,276.942,-5.3389
317.512,-0.562,,277.178,-5.3389
317.783,-0.194,,277.415,-5.2496
318.054,0.183,,277.651,-5.2496
318.326,-0.175,,277.888,-5.1643
318.597,-0.158,,278.124,-5.1643
318.868,-0.013,,278.361,-5.1177
319.139,-0.429,,278.597,-5.0750
319.410,0.005,,278.834,-5.0324
319.681,0.158,,279.070,-5.0324
319.952,-0.027,,279.307,-5.0750
320.223,0.021,,279.543,-4.9858
320.495,0.102,,279.780,-4.9431
320.766,0.137,,280.016,-4.9431
321.037,-0.116,,280.253,-4.9004
321.308,-0.092,,280.489,-4.8539
321.579,0.216,,280.726,-4.8112
321.850,-0.030,,280.962,-4.7685
322.121,-0.155,,281.199,-4.7258
322.392,0.164,,281.435,-4.7258
322.664,-0.062,,281.672,-4.6366
322.935,-0.105,,281.908,-4.6366
323.206,0.069,,282.145,-4.6366
323.477,0.332,,282.381,-4.5474
323.748,0.099,,282.618,-4.5047
324.019,-0.285,,282.854,-4.4620
324.290,0.139,,283.091,-4.4620
324.562,0.196,,283.327,-4.4154
324.833,-0.018,,283.564,-4.4154
325.104,0.147,,283.800,-4.3301
325.375,0.182,,284.037,-4.3301
325.646,0.236,,284.273,-4.2408
325.917,-0.251,,284.510,-4.2408
326.188,-0.073,,284.746,-4.1982
326.459,0.534,,284.983,-4.1555
326.731,0.227,,285.219,-4.1089
327.002,0.044,,285.456,-4.1089
327.273,0.042,,285.692,-4.0662
327.544,-0.067,,285.929,-3.9770
327.815,0.129,,286.165,-3.9770
328.086,0.019,,286.402,-3.9343
328.357,0.065,,286.638,-3.9343
328.628,-0.126,,286.875,-3.8451
328.900,-0.236,,287.111,-3.8451
329.171,0.037,,287.348,-3.8024
329.442,-0.140,,287.584,-3.7597
329.713,0.114,,287.821,-3.7132
329.984,0.103,,288.057,-3.6705
330.255,-0.294,,288.294,-3.6278
330.526,-0.326,,288.530,-3.6278
330.797,-0.109,,288.767,-3.5851
331.069,-0.074,,289.003,-3.5386
331.340,-0.459,,289.240,-3.4532
331.611,-0.586,,289.476,-3.4532
331.882,-0.109,,289.713,-3.4066
332.153,-0.090,,289.949,-3.3640
332.424,-0.609,,290.186,-3.2747
332.695,-0.520,,290.422,-3.2747
332.966,-0.289,,290.659,-3.2320
333.238,-0.427,,290.895,-3.1894
333.509,-0.231,,291.132,-3.1894
333.780,-0.248,,291.368,-3.1001
334.051,-0.504,,291.605,-3.1001
334.322,-0.628,,291.841,-3.0109
334.593,-0.235,,292.078,-2.9682
334.864,-0.237,,292.314,-2.9682
335.135,-0.566,,292.551,-2.8828
335.407,-0.667,,292.787,-2.7936
335.678,-0.406,,293.024,-2.7936
335.949,-0.429,,293.260,-2.7509
336.220,-0.311,,293.497,-2.7509
336.491,-0.501,,293.733,-2.6190
336.762,-0.239,,293.970,-2.6617
337.033,-0.302,,294.206,-2.6190
337.304,-0.445,,294.443,-2.5298
337.576,-0.146,,294.679,-2.4871
337.847,0.125,,294.916,-2.4405
338.118,-0.172,,295.152,-2.4405
338.389,-0.158,,295.389,-2.3978
338.660,0.124,,295.625,-2.3125
338.931,0.157,,295.862,-2.3125
339.202,0.091,,296.098,-2.1806
339.473,-0.040,,296.335,-2.1806
339.745,0.005,,296.571,-2.1340
340.016,-0.106,,296.808,-2.0913
340.287,-0.020,,297.044,-2.0913
340.558,0.294,,297.281,-2.0486
340.829,0.134,,297.517,-1.9594
341.100,-0.079,,297.754,-2.0021
341.371,0.182,,297.990,-1.8702
341.642,0.458,,298.227,-1.8275
341.914,0.208,,298.463,-1.8275
342.185,0.184,,298.700,-1.7848
342.456,0.227,,298.936,-1.6956
342.727,0.329,,299.173,-1.6956
342.998,0.275,,299.409,-1.6529
343.269,0.143,,299.646,-1.5636
343.540,-0.240,,299.882,-1.5636
343.812,0.091,,300.119,-1.5210
344.083,0.167,,300.355,-1.4783
344.354,0.080,,300.592,-1.4783
344.625,0.237,,300.828,-1.3464
344.896,0.429,,301.065,-1.3464
345.167,0.344,,301.301,-1.2998
345.438,-0.135,,301.538,-1.2571
345.709,-0.148,,301.774,-1.2144
345.981,0.133,,302.011,-1.1679
346.252,0.075,,302.247,-1.1252
346.523,0.225,,302.484,-1.0398
346.794,0.183,,302.720,-1.0825
347.065,0.100,,302.957,-0.9933
347.336,0.141,,303.193,-0.9933
347.607,0.262,,303.430,-1.0398
347.878,0.276,,303.666,-0.9079
348.150,-0.229,,303.903,-0.8614
348.421,-0.221,,304.139,-0.8187
348.692,0.176,,304.376,-0.7760
348.963,0.213,,304.612,-0.6868
349.234,0.181,,304.849,-0.7294
349.505,-0.091,,305.085,-0.6441
349.776,-0.111,,305.322,-0.6441
350.047,-0.047,,305.558,-0.5975
350.319,-0.117,,305.795,-0.5122
350.590,-0.067,,306.031,-0.5122
350.861,-0.501,,306.268,-0.4695
351.132,-0.468,,306.504,-0.4229
351.403,0.056,,306.741,-0.3802
351.674,-0.173,,306.977,-0.3802
351.945,-0.387,,307.214,-0.2910
352.216,-0.571,,307.450,-0.2483
352.488,-0.553,,307.687,-0.2056
352.759,-0.152,,307.923,-0.1591
353.030,0.067,,308.160,-0.1591
353.301,-0.126,,308.396,-0.1591
353.572,0.001,,308.633,-0.1164
353.843,-0.440,,308.869,-0.0737
354.114,-0.238,,309.106,-0.0272
354.385,-0.165,,309.342,-0.0737
354.657,0.051,,309.579,-0.0272
354.928,-0.074,,309.815,-0.0737
355.199,-0.286,,310.052,-0.0737
355.470,-0.221,,310.288,-0.1164
355.741,-0.304,,310.525,-0.1164
356.012,-0.474,,310.761,-0.0737
356.283,-0.053,,310.998,-0.0272
356.554,-0.151,,311.234,-0.0272
356.826,-0.725,,311.471,-0.1164
357.097,-0.646,,311.707,-0.0737
357.368,-0.268,,311.944,-0.0737
357.639,-0.068,,312.180,-0.0272
357.910,-0.409,,312.417,-0.0272
358.181,-0.669,,312.653,-0.0272
358.452,-0.173,,312.890,-0.0737
358.723,-0.286,,313.126,-0.0737
358.995,-0.093,,313.363,-0.0737
359.266,-0.364,,313.599,-0.0737
359.537,-0.601,,313.836,-0.0272
359.808,-0.549,,314.072,-0.0272
360.079,-0.149,,314.309,-0.0272
360.350,-0.461,,314.545,-0.0737
360.621,-0.402,,314.782,-0.0737
360.892,-0.371,,315.018,0.0155
361.164,-0.078,,315.255,-0.0272
361.435,-0.317,,315.491,-0.0272
361.706,-0.350,,315.728,-0.0737
361.977,-0.345,,315.964,-0.0737
362.248,-0.321,,316.201,-0.0737
362.519,-0.305,,316.437,-0.0737
362.790,-0.172,,316.674,-0.0737
363.062,-0.166,,316.910,-0.0272
363.333,-0.256,,317.147,-0.0737
363.604,-0.019,,317.383,-0.0737
363.875,0.006,,317.620,-0.0272
364.146,-0.106,,317.856,-0.0737
364.417,-0.096,,318.093,-0.0272
364.688,0.201,,318.329,-0.0737
364.959,-0.045,,318.566,-0.0737
365.231,0.012,,318.802,-0.0272
365.502,-0.051,,319.039,-0.0737
365.773,0.145,,319.275,-0.0272
366.044,0.282,,319.512,-0.0737
366.315,-0.353,,319.748,-0.0737
366.586,-1.093,,319.985,0.0155
366.857,-0.393,,320.221,-0.0737
367.128,0.053,,320.458,-0.0737
367.400,-0.148,,320.694,-0.0272
367.671,-0.173,,320.931,-0.0272
367.942,-0.474,,321.167,-0.0272
368.213,-0.493,,321.404,-0.0737
368.484,-0.346,,321.640,-0.0310
368.755,-0.669,,321.877,-0.1164
369.026,-0.363,,322.113,-0.0737
369.297,0.133,,322.350,-0.0737
369.569,0.110,,322.586,-0.0310
369.840,0.194,,322.823,-0.0272
370.111,0.559,,323.059,-0.0272
370.382,0.426,,323.296,-0.0737
370.653,0.444,,323.532,-0.0737
370.924,0.487,,323.769,-0.0310
371.195,0.395,,324.005,-0.0737
371.466,0.509,,324.242,-0.0737
371.738,0.674,,324.478,-0.0737
372.009,0.700,,324.715,-0.0272
372.280,0.503,,324.951,-0.0310
372.551,0.001,,325.188,-0.0737
372.822,-0.039,,325.424,-0.0310
373.093,-0.274,,325.661,-0.0737
373.364,-0.075,,325.897,-0.0310
373.635,0.310,,326.134,-0.0737
373.907,0.353,,326.370,-0.0737
374.178,0.281,,326.607,-0.0310
374.449,0.599,,326.843,-0.0737
374.720,0.610,,327.080,-0.0310
374.991,0.577,,327.316,-0.0737
375.262,0.898,,327.553,-0.0310
375.533,0.941,,327.789,-0.0737
375.804,1.257,,328.026,-0.0310
376.076,0.910,,328.262,-0.0737
376.347,0.786,,328.499,-0.0737
376.618,0.840,,328.735,-0.0310
376.889,0.866,,328.972,-0.0737
377.160,1.004,,329.208,-0.0310
377.431,0.826,,329.445,-0.0737
377.702,0.586,,329.681,-0.0737
377.973,0.456,,329.918,-0.0310
378.245,0.214,,330.154,-0.0310
378.516,0.493,,330.391,-0.0737
378.787,0.402,,330.627,-0.0310
379.058,0.601,,330.864,-0.0737
379.329,-0.055,,331.100,-0.0737
379.600,-0.344,,331.337,-0.0737
379.871,-0.535,,331.573,-0.1164
380.142,-0.723,,331.810,-0.0310
380.414,-0.944,,332.046,-0.0310
380.685,-0.555,,332.283,-0.0737
380.956,-0.615,,332.519,-0.0310
381.227,-0.530,,332.756,-0.0737
381.498,-0.659,,332.992,-0.0310
381.769,-0.787,,333.229,-0.0310
382.040,-0.672,,333.465,-0.0310
382.312,-0.857,,333.702,-0.0737
382.583,-0.333,,333.938,-0.0310
382.854,-0.278,,334.175,-0.0310
383.125,-0.134,,334.411,-0.0737
383.396,0.462,,334.648,-0.0310
383.667,0.360,,334.884,-0.0737
383.938,0.704,,335.121,-0.0310
384.209,0.821,,335.357,-0.0310
384.481,0.443,,335.594,-0.0737
384.752,0.587,,335.830,-0.0310
385.023,0.670,,336.067,-0.0310
385.294,0.520,,336.303,-0.0310
385.565,0.565,,336.540,-0.0737
385.836,0.928,,336.776,-0.0310
386.107,0.793,,337.013,-0.0737
386.378,0.587,,337.249,-0.0310
386.650,0.566,,337.486,-0.0737
386.921,0.600,,337.722,-0.0737
387.192,0.286,,337.959,-0.0310
387.463,-0.792,,338.195,-0.0737
387.734,-1.141,,338.432,-0.0737
388.005,-0.036,,338.668,-0.0737
388.276,-0.004,,338.905,-0.0310
388.547,-1.511,,339.141,-0.0737
388.819,-1.531,,339.378,-0.0310
389.090,-0.858,,339.614,-0.0737
389.361,-1.132,,339.851,-0.0310
389.632,-1.145,,340.087,-0.0310
389.903,-1.010,,340.324,-0.0310
390.174,-0.786,,340.560,-0.0310
390.445,-0.779,,340.797,-0.0310
390.716,-0.895,,341.033,-0.0310
390.988,-1.007,,341.270,-0.0737
391.259,-0.377,,341.506,-0.0737
391.530,-0.560,,341.743,-0.0737
391.801,-0.858,,341.979,-0.0310
392.072,-0.701,,342.216,-0.0737
392.343,-1.145,,342.452,-0.0310
392.614,-0.995,,342.689,-0.0310
392.885,-0.860,,342.925,-0.0737
393.157,-0.823,,343.162,-0.0737
393.428,-0.754,,343.398,-0.0737
393.699,0.011,,343.635,-0.0737
393.970,1.208,,343.871,-0.0310
394.241,1.662,,344.108,-0.0737
394.512,2.379,,344.344,-0.0310
394.783,2.596,,344.581,-0.0737
395.054,1.911,,344.817,-0.0310
395.326,0.994,,345.054,-0.0310
395.597,0.893,,345.290,-0.0737
395.868,0.484,,345.527,-0.0737
396.139,-0.319,,345.763,-0.0310
396.410,-0.692,,346.000,-0.0310
396.681,-0.934,,346.236,-0.0737
396.952,-0.910,,346.473,0.0582
397.223,-1.120,,346.709,-0.0310
397.495,-0.885,,346.946,-0.0310
397.766,-1.242,,347.182,-0.0310
398.037,-1.102,,347.419,-0.0737
398.308,-0.921,,347.655,-0.0737
398.579,-2.567,,347.892,-0.0737
398.850,-2.237,,348.128,-0.0310
399.121,-0.504,,348.365,-0.0737
399.392,0.153,,348.601,-0.0310
399.664,-0.777,,348.838,-0.0310
399.935,-1.722,,349.074,-0.0737
400.206,-2.263,,349.311,-0.0737
400.477,-2.284,,349.547,-0.0310
400.748,-2.749,,349.784,-0.0737
401.019,-2.910,,350.020,-0.0310
401.290,-2.542,,350.257,-0.0310
401.562,-1.888,,350.493,-0.0737
401.833,-1.604,,350.730,-0.0310
402.104,0.028,,350.966,-0.0310
402.375,0.521,,351.203,-0.0737
402.646,0.053,,351.439,-0.0310
402.917,0.130,,351.676,-0.0737
403.188,0.648,,351.912,-0.0737
403.459,0.704,,352.149,-0.0310
403.731,0.909,,352.385,-0.0310
404.002,1.254,,352.622,-0.0737
404.273,1.790,,352.858,-0.0310
404.544,0.943,,353.095,-0.0737
404.815,0.254,,353.331,-0.0737
405.086,0.050,,353.568,-0.0737
405.357,-1.038,,353.804,-0.0310
405.628,-0.839,,354.041,-0.0737
405.900,-3.538,,354.277,-0.0737
406.171,-3.473,,354.514,-0.0737
406.442,0.596,,354.750,-0.0737
406.713,3.321,,354.987,-0.0737
406.984,2.714,,355.223,-0.0310
407.255,2.855,,355.460,-0.0737
407.526,6.306,,355.696,-0.0310
407.797,6.958,,355.933,-0.0310
408.069,2.096,,356.169,-0.0310
408.340,-6.562,,356.406,-0.0737
408.611,-12.028,,356.642,-0.0310
408.882,-11.745,,356.879,-0.0310
409.153,-10.656,,357.115,-0.0310
409.424,-11.255,,357.352,-0.0737
409.695,-12.573,,357.588,-0.0310
409.966,-14.179,,357.825,-0.0737
410.238,-12.615,,358.061,-0.0737
410.509,-6.363,,358.298,-0.0310
410.780,4.131,,358.534,-0.0310
411.051,16.914,,358.771,-0.0310
411.322,28.386,,359.007,-0.1164
411.593,34.714,,359.244,-0.0737
411.864,33.882,,359.480,-0.1164
412.135,23.658,,359.717,-0.0310
412.407,18.273,,359.953,-0.0737
412.678,16.070,,360.190,-0.0310
412.949,11.890,,360.426,-0.0310
413.220,8.185,,360.663,-0.0310
413.491,8.842,,360.899,-0.0737
413.762,9.220,,361.136,-0.0310
414.033,7.960,,361.372,-0.0310
414.304,7.261,,361.609,-0.0310
414.576,4.821,,361.845,-0.0737
414.847,4.165,,362.082,-0.0310
415.118,4.155,,362.318,-0.0310
415.389,5.151,,362.555,-0.0737
415.660,5.926,,362.791,-0.0737
415.931,4.990,,363.028,-0.0737
416.202,4.143,,363.264,-0.0310
416.473,5.295,,363.501,-0.0310
416.745,4.599,,363.737,-0.1164
417.016,2.841,,363.974,-0.0737
417.287,4.695,,364.210,-0.0310
417.558,8.285,,364.447,-0.0737
417.829,8.718,,364.683,-0.0310
418.100,5.422,,364.920,-0.0310
418.371,3.197,,365.156,-0.1164
418.642,1.782,,365.393,-0.0737
418.914,1.421,,365.629,-0.0310
419.185,0.163,,365.866,-0.0310
419.456,-2.179,,366.102,-0.0310
419.727,-3.188,,366.339,-0.0737
419.998,-3.682,,366.575,-0.0737
420.269,-4.362,,366.812,-0.0310
420.540,-2.653,,367.048,-0.0310
420.812,-1.892,,367.285,-0.0310
421.083,-1.345,,367.521,-0.0310
421.354,-0.899,,367.758,-0.0310
421.625,0.218,,367.994,-0.0737
421.896,1.675,,368.231,-0.0737
422.167,3.226,,368.467,-0.0737
422.438,3.445,,368.704,-0.0737
422.709,3.152,,368.940,-0.0737
422.981,2.988,,369.177,-0.0310
423.252,3.270,,369.413,-0.0737
423.523,3.776,,369.650,-0.0737
423.794,3.836,,369.886,-0.0737
424.065,3.647,,370.123,-0.0737
424.336,3.277,,370.359,-0.1164
424.607,3.351,,370.596,-0.0737
424.878,3.585,,370.832,-0.0737
425.150,3.665,,371.069,-0.0737
425.421,3.643,,371.305,-0.0737
425.692,3.667,,371.542,-0.0737
425.963,3.911,,371.778,-0.0737
426.234,4.249,,372.015,-0.0310
426.505,4.222,,372.251,-0.0310
426.776,2.909,,372.488,-0.0310
427.047,1.763,,372.724,-0.0737
427.319,1.356,,372.961,-0.0737
427.590,1.454,,373.197,-0.0737
427.861,2.656,,373.434,-0.0310
428.132,3.640,,373.670,-0.0737
428.403,3.207,,373.907,-0.0737
428.674,2.158,,374.143,-0.0310
428.945,1.743,,374.380,-0.0310
429.216,2.079,,374.616,-0.0310
429.488,2.717,,374.853,-0.0310
429.759,2.839,,375.089,-0.0737
430.030,2.419,,375.326,-0.1203
430.301,1.898,,375.562,-0.0737
430.572,1.852,,375.799,-0.1203
430.843,2.194,,376.035,-0.0310
431.114,2.587,,376.272,-0.0737
431.385,2.805,,376.508,-0.0737
431.657,2.448,,376.745,-0.0737
431.928,2.002,,376.981,-0.0737
432.199,1.843,,377.218,-0.0737
432.470,2.134,,377.454,-0.0737
432.741,2.304,,377.691,-0.1203
433.012,2.211,,377.927,-0.0737
433.283,1.801,,378.164,-0.0310
433.554,1.439,,378.400,0.0116
433.826,1.397,,378.637,-0.0737
434.097,1.517,,378.873,-0.0310
434.368,1.597,,379.110,-0.0310
434.639,1.502,,379.346,-0.0310
434.910,1.342,,379.583,-0.0310
435.181,1.143,,379.819,-0.0310
435.452,1.004,,380.056,-0.0310
435.723,1.026,,380.292,-0.0737
435.995,0.999,,380.529,-0.0310
436.266,0.935,,380.765,-0.0310
436.537,0.807,,381.002,-0.0310
436.808,0.506,,381.238,-0.0737
437.079,-0.128,,381.475,-0.0310
437.350,-0.827,,381.711,-0.0737
437.621,-0.855,,381.948,-0.0310
437.892,-0.396,,382.184,-0.0737
438.164,0.089,,382.421,-0.0737
438.435,0.115,,382.657,-0.1203
438.706,-0.052,,382.894,-0.0737
438.977,-0.256,,383.130,-0.0737
439.248,-0.299,,383.367,-0.0737
439.519,-0.236,,383.603,-0.0310
439.790,-0.097,,383.840,-0.0310
440.062,-0.037,,384.076,-0.0737
440.333,-0.016,,384.313,-0.0310
440.604,-0.016,,384.549,-0.1203
440.875,-0.066,,384.786,-0.1203
441.146,-0.046,,385.022,-0.0737
441.417,-0.038,,385.259,-0.0737
441.688,0.003,,385.495,-0.0310
441.959,-0.019,,385.732,-0.0737
442.231,-0.058,,385.968,-0.0737
442.502,-0.022,,386.205,0.0116
442.773,-0.042,,386.441,-0.0737
443.044,-0.094,,386.678,-0.0737
443.315,-0.129,,386.914,-0.0737
443.586,-0.122,,387.151,-0.0737
443.857,-0.023,,387.387,-0.0310
444.128,0.022,,387.624,-0.0737
444.400,-0.052,,387.860,-0.0737
444.671,-0.146,,388.097,-0.0310
444.942,-0.089,,388.333,-0.0310
445.213,0.053,,388.570,-0.0737
445.484,0.155,,388.806,-0.0737
445.755,0.127,,389.043,-0.0310
446.026,0.154,,389.279,-0.0737
446.297,0.209,,389.516,-0.1203
446.569,0.293,,389.752,-0.0737
446.840,0.394,,389.989,-0.0737
447.111,0.443,,390.225,-0.0310
447.382,0.374,,390.462,-0.0737
447.653,0.324,,390.698,-0.0310
447.924,0.338,,390.935,-0.0737
448.195,0.374,,391.171,-0.1203
448.466,0.432,,391.408,-0.0737
448.738,0.454,,391.644,-0.1203
449.009,0.461,,391.881,-0.1630
449.280,0.495,,392.117,-0.1203
449.551,0.564,,392.354,-0.1630
449.822,0.566,,392.590,-0.1203
450.093,0.535,,392.827,-0.2056
450.364,0.518,,393.063,-0.1203
450.635,0.604,,393.300,-0.1203
450.907,0.882,,393.536,-0.1203
451.178,1.236,,393.773,-0.0737
0.000,,,394.009,-0.0737
0.000,,,394.246,-0.0737
0.000,,,394.482,-0.0737
0.000,,,394.719,-0.0737
0.000,,,394.955,-0.1203
0.000,,,395.192,-0.1203
0.000,,,395.428,-0.1630
0.000,,,395.665,-0.1203
0.000,,,395.901,-0.0737
0.000,,,396.138,-0.0737
0.000,,,396.374,-0.0737
0.000,,,396.611,-0.0310
0.000,,,396.847,-0.0737
0.000,,,397.084,0.0116
0.000,,,397.320,-0.0310
0.000,,,397.557,-0.0310
0.000,,,397.793,-0.1203
0.000,,,398.030,-0.1630
0.000,,,398.266,-0.1630
0.000,,,398.503,-0.2056
0.000,,,398.739,-0.2056
0.000,,,398.976,-0.2056
0.000,,,399.212,-0.2056
0.000,,,399.449,-0.2056
0.000,,,399.685,-0.2522
0.000,,,399.922,-0.2056
0.000,,,400.158,-0.2056
0.000,,,400.395,-0.2056
0.000,,,400.631,-0.1630
0.000,,,400.868,-0.1630
0.000,,,401.104,-0.1630
0.000,,,401.341,-0.2522
0.000,,,401.577,-0.1203
0.000,,,401.814,-0.1203
0.000,,,402.050,-0.1203
0.000,,,402.287,-0.0737
0.000,,,402.523,-0.1630
0.000,,,402.760,-0.1630
0.000,,,402.996,-0.2056
0.000,,,403.233,-0.1630
0.000,,,403.469,-0.2056
0.000,,,403.706,-0.2056
0.000,,,403.942,-0.2056
0.000,,,404.179,-0.1203
0.000,,,404.415,-0.0737
0.000,,,404.652,-0.0737
0.000,,,404.888,-0.0310
0.000,,,405.125,-0.0310
0.000,,,405.361,-0.0737
0.000,,,405.598,-0.0737
0.000,,,405.834,-0.0737
0.000,,,406.071,-0.0737
0.000,,,406.307,-0.0737
0.000,,,406.544,-0.0737
0.000,,,406.780,-0.0310
0.000,,,407.017,-0.0737
0.000,,,407.253,-0.0737
0.000,,,407.490,-0.1203
0.000,,,407.726,-0.1203
0.000,,,407.963,-0.1203
0.000,,,408.199,-0.0737
0.000,,,408.436,0.0116
0.000,,,408.672,-0.0310
0.000,,,408.909,-0.0310
0.000,,,409.145,0.0116
0.000,,,409.382,0.0543
0.000,,,409.618,0.0116
0.000,,,409.855,0.0543
0.000,,,410.091,0.0116
0.000,,,410.328,0.0116
0.000,,,410.564,0.0116
0.000,,,410.801,0.0116
0.000,,,411.037,0.0543
0.000,,,411.274,0.0116
0.000,,,411.510,0.0116
0.000,,,411.747,0.0116
0.000,,,411.983,0.0116
0.000,,,412.220,0.0116
0.000,,,412.456,0.0116
0.000,,,412.693,-0.0310
0.000,,,412.929,0.0116
0.000,,,413.166,0.0116
0.000,,,413.402,-0.0310
0.000,,,413.639,0.0116
0.000,,,413.875,0.0116
0.000,,,414.112,0.0116
0.000,,,414.348,0.0116
0.000,,,414.585,0.0116
0.000,,,414.821,0.0116
0.000,,,415.058,0.0116
0.000,,,415.294,0.0116
0.000,,,415.531,0.0116
0.000,,,415.767,0.0116
0.000,,,416.004,0.0116
0.000,,,416.240,0.0543
0.000,,,416.477,0.0116
0.000,,,416.713,0.0116
0.000,,,416.950,0.0116
0.000,,,417.186,0.0543
0.000,,,417.423,0.0116
0.000,,,417.659,0.0116
0.000,,,417.896,0.0116
0.000,,,418.132,-0.0310
0.000,,,418.369,-0.0310
0.000,,,418.605,0.0116
0.000,,,418.842,0.0116
0.000,,,419.078,0.0116
0.000,,,419.315,0.0116
0.000,,,419.551,0.0116
0.000,,,419.788,0.0116
0.000,,,420.024,-0.0310
0.000,,,420.261,0.0116
0.000,,,420.497,0.0116
0.000,,,420.734,0.0116
0.000,,,420.970,0.0116
0.000,,,421.207,0.0543
0.000,,,421.443,0.0116
0.000,,,421.680,0.0116
0.000,,,421.916,0.0116
0.000,,,422.153,0.0116
0.000,,,422.389,0.0116
0.000,,,422.626,0.0116
0.000,,,422.862,0.0116
0.000,,,423.099,0.0116
0.000,,,423.335,0.0116
0.000,,,423.572,0.0116
0.000,,,423.808,-0.0310
0.000,,,424.045,-0.0310
0.000,,,424.281,0.0116
0.000,,,424.518,0.0116
0.000,,,424.754,0.0116
0.000,,,424.991,-0.0310
0.000,,,425.227,-0.0310
0.000,,,425.464,-0.0310
0.000,,,425.700,0.0543
0.000,,,425.937,0.0116
0.000,,,426.173,0.0116
0.000,,,426.410,0.0116
0.000,,,426.646,0.0116
0.000,,,426.883,0.0116
0.000,,,427.119,0.0116
0.000,,,427.356,0.0116
0.000,,,427.592,0.0116
0.000,,,427.829,0.0543
0.000,,,428.065,0.0116
0.000,,,428.302,0.0116
0.000,,,428.538,0.0116
0.000,,,428.775,0.0116
0.000,,,429.011,0.0116
0.000,,,429.248,0.0116
0.000,,,429.484,0.0543
0.000,,,429.721,0.0116
0.000,,,429.957,0.0543
0.000,,,430.194,0.0116
0.000,,,430.430,0.0116
0.000,,,430.667,0.0116
0.000,,,430.903,0.0543
0.000,,,431.140,0.0116
0.000,,,431.376,0.0116
0.000,,,431.613,0.0116
0.000,,,431.849,0.0116
0.000,,,432.086,0.0116
0.000,,,432.322,0.0116
0.000,,,432.559,0.0116
0.000,,,432.795,0.0116
0.000,,,433.032,0.0116
0.000,,,433.268,0.0116
0.000,,,433.505,0.0116
0.000,,,433.741,0.0116
0.000,,,433.978,0.0116
0.000,,,434.214,0.0116
0.000,,,434.451,0.0116
0.000,,,434.687,0.0116
0.000,,,434.924,0.0543
0.000,,,435.160,0.0543
0.000,,,435.397,-0.0310
0.000,,,435.633,0.0116
0.000,,,435.870,0.0116
0.000,,,436.106,0.0116
0.000,,,436.343,0.0116
0.000,,,436.579,0.0116
0.000,,,436.816,0.0543
0.000,,,437.052,0.0116
0.000,,,437.289,0.0543
0.000,,,437.525,-0.0310
0.000,,,437.762,-0.0310
0.000,,,437.998,-0.0310
0.000,,,438.235,0.0116
0.000,,,438.471,-0.0310
0.000,,,438.708,-0.0310
0.000,,,438.944,0.0116
0.000,,,439.181,-0.0310
0.000,,,439.417,0.0116
0.000,,,439.654,0.0116
0.000,,,439.890,0.0116
0.000,,,440.127,-0.0310
0.000,,,440.363,0.0116
0.000,,,440.600,-0.0310
0.000,,,440.836,-0.0310
0.000,,,441.073,0.0543
0.000,,,441.309,0.0116
0.000,,,441.546,-0.0310
0.000,,,441.782,-0.0310
0.000,,,442.019,0.0116
0.000,,,442.255,0.0116
0.000,,,442.492,0.0116
0.000,,,442.728,0.0116
0.000,,,442.965,0.0116
0.000,,,443.201,0.0116
0.000,,,443.438,0.0116
0.000,,,443.674,0.0543
0.000,,,443.911,0.0116
0.000,,,444.147,0.0116
0.000,,,444.384,0.0116
0.000,,,444.620,0.0543
0.000,,,444.857,0.0116
0.000,,,445.093,0.0116
0.000,,,445.330,0.0116
0.000,,,445.566,0.0543
0.000,,,445.803,0.0116
0.000,,,446.039,-0.0310
0.000,,,446.276,0.0116
0.000,,,446.512,0.0116
0.000,,,446.749,0.0116
0.000,,,446.985,0.0116
0.000,,,447.222,0.0116
0.000,,,447.458,0.0116
0.000,,,447.695,0.0116
0.000,,,447.931,-0.0310
0.000,,,448.168,0.0543
0.000,,,448.404,0.0116
