Time (s),Depth (m),Pitch (deg)
0.00,0.0000,0.0000
0.10,0.0000,0.0314
0.20,0.0000,0.0903
0.30,-0.0001,0.1758
0.40,-0.0002,0.2860
0.50,-0.0003,0.4154
0.60,-0.0004,0.5599
0.70,-0.0006,0.7183
0.80,-0.0009,0.8896
0.90,-0.0012,1.0721
1.00,-0.0016,1.2626
1.10,-0.0020,1.4578
1.20,-0.0026,1.6543
1.30,-0.0032,1.8489
1.40,-0.0039,2.0383
1.50,-0.0048,2.2193
1.60,-0.0057,2.3893
1.70,-0.0068,2.5457
1.80,-0.0080,2.6860
1.90,-0.0094,2.8079
2.00,-0.0108,2.9091
2.10,-0.0125,2.9872
2.20,-0.0143,3.0400
2.30,-0.0162,3.0659
2.40,-0.0184,3.0640
2.50,-0.0207,3.0333
2.60,-0.0232,2.9731
2.70,-0.0259,2.8830
2.80,-0.0288,2.7635
2.90,-0.0319,2.6155
3.00,-0.0353,2.4398
3.10,-0.0388,2.2374
3.20,-0.0426,2.0104
3.30,-0.0467,1.7610
3.40,-0.0510,1.4917
3.50,-0.0556,1.2050
3.60,-0.0604,0.9039
3.70,-0.0655,0.5922
3.80,-0.0709,0.2734
3.90,-0.0766,-0.0486
4.00,-0.0826,-0.3704
4.10,-0.0889,-0.6882
4.20,-0.0954,-0.9985
4.30,-0.1024,-1.2977
4.40,-0.1096,-1.5823
4.50,-0.1172,-1.8487
4.60,-0.1251,-2.0942
4.70,-0.1333,-2.3159
4.80,-0.1419,-2.5113
4.90,-0.1509,-2.6775
5.00,-0.1602,-2.8120
5.10,-0.1699,-2.9136
5.20,-0.1800,-2.9821
5.30,-0.1904,-3.0169
5.40,-0.2013,-3.0177
5.50,-0.2125,-2.9843
5.60,-0.2242,-2.9175
5.70,-0.2362,-2.8195
5.80,-0.2487,-2.6928
5.90,-0.2615,-2.5395
6.00,-0.2748,-2.3621
6.10,-0.2885,-2.1634
6.20,-0.3026,-1.9472
6.30,-0.3171,-1.7178
6.40,-0.3321,-1.4793
6.50,-0.3474,-1.2358
6.60,-0.3633,-0.9914
6.70,-0.3795,-0.7504
6.80,-0.3961,-0.5170
6.90,-0.4132,-0.2955
7.00,-0.4307,-0.0901
7.10,-0.4486,0.0949
7.20,-0.4669,0.2563
7.30,-0.4856,0.3910
7.40,-0.5047,0.4964
7.50,-0.5243,0.5695
7.60,-0.5442,0.6076
7.70,-0.5645,0.6087
7.80,-0.5852,0.5723
7.90,-0.6062,0.4979
8.00,-0.6276,0.3851
8.10,-0.6494,0.2333
8.20,-0.6715,0.0426
8.30,-0.6940,-0.1852
8.40,-0.7168,-0.4479
8.50,-0.7399,-0.7436
8.60,-0.7633,-1.0700
8.70,-0.7870,-1.4248
8.80,-0.8110,-1.8045
8.90,-0.8352,-2.2046
9.00,-0.8598,-2.6209
9.10,-0.8846,-3.0491
9.20,-0.9096,-3.4848
9.30,-0.9349,-3.9233
9.40,-0.9604,-4.3595
9.50,-0.9862,-4.7881
9.60,-1.0121,-5.2040
9.70,-1.0382,-5.6020
9.80,-1.0646,-5.9772
9.90,-1.0911,-6.3251
10.00,-1.1178,-6.6414
10.10,-1.1447,-6.9216
10.20,-1.1718,-7.1613
10.30,-1.1990,-7.3567
10.40,-1.2263,-7.5058
10.50,-1.2538,-7.6075
10.60,-1.2815,-7.6606
10.70,-1.3093,-7.6638
10.80,-1.3372,-7.6181
10.90,-1.3652,-7.5257
11.00,-1.3934,-7.3887
11.10,-1.4216,-7.2095
11.20,-1.4500,-6.9912
11.30,-1.4785,-6.7387
11.40,-1.5071,-6.4569
11.50,-1.5358,-6.1509
11.60,-1.5646,-5.8257
11.70,-1.5935,-5.4874
11.80,-1.6225,-5.1420
11.90,-1.6515,-4.7957
12.00,-1.6807,-4.4545
12.10,-1.7099,-4.1241
12.20,-1.7392,-3.8098
12.30,-1.7686,-3.5169
12.40,-1.7980,-3.2507
12.50,-1.8275,-3.0158
12.60,-1.8571,-2.8157
12.70,-1.8867,-2.6532
12.80,-1.9163,-2.5317
12.90,-1.9460,-2.4539
13.00,-1.9758,-2.4206
13.10,-2.0056,-2.4317
13.20,-2.0354,-2.4875
13.30,-2.0653,-2.5878
13.40,-2.0952,-2.7316
13.50,-2.1251,-2.9166
13.60,-2.1550,-3.1407
13.70,-2.1850,-3.4017
13.80,-2.2150,-3.6973
13.90,-2.2450,-4.0236
14.00,-2.2750,-4.3760
14.10,-2.3050,-4.7497
14.20,-2.3350,-5.1398
14.30,-2.3650,-5.5416
14.40,-2.3951,-5.9495
14.50,-2.4252,-6.3576
14.60,-2.4552,-6.7599
14.70,-2.4853,-7.1505
14.80,-2.5154,-7.5236
14.90,-2.5455,-7.8739
15.00,-2.5756,-8.1961
15.10,-2.6057,-8.4851
15.20,-2.6358,-8.7356
15.30,-2.6659,-8.9430
15.40,-2.6961,-9.1046
15.50,-2.7262,-9.2180
15.60,-2.7564,-9.2810
15.70,-2.7865,-9.2914
15.80,-2.8167,-9.2478
15.90,-2.8468,-9.1516
16.00,-2.8770,-9.0047
16.10,-2.9071,-8.8090
16.20,-2.9373,-8.5663
16.30,-2.9674,-8.2796
16.40,-2.9976,-7.9540
16.50,-3.0277,-7.5947
16.60,-3.0578,-7.2073
16.70,-3.0879,-6.7969
16.80,-3.1180,-6.3695
16.90,-3.1480,-5.9315
17.00,-3.1780,-5.4897
17.10,-3.2080,-5.0505
17.20,-3.2380,-4.6207
17.30,-3.2679,-4.2062
17.40,-3.2978,-3.8125
17.50,-3.3277,-3.4452
17.60,-3.3575,-3.1096
17.70,-3.3873,-2.8112
17.80,-3.4171,-2.5538
17.90,-3.4468,-2.3403
18.00,-3.4765,-2.1733
18.10,-3.5062,-2.0557
18.20,-3.5358,-1.9901
18.30,-3.5654,-1.9769
18.40,-3.5950,-2.0159
18.50,-3.6246,-2.1064
18.60,-3.6541,-2.2480
18.70,-3.6837,-2.4400
18.80,-3.7132,-2.6795
18.90,-3.7427,-2.9630
19.00,-3.7722,-3.2869
19.10,-3.8017,-3.6477
19.20,-3.8311,-4.0415
19.30,-3.8606,-4.4626
19.40,-3.8901,-4.9052
19.50,-3.9196,-5.3632
19.60,-3.9491,-5.8306
19.70,-3.9786,-6.3012
19.80,-4.0081,-6.7684
19.90,-4.0376,-7.2253
20.00,-4.0671,-7.6651
20.10,-4.0966,-8.0811
20.20,-4.1262,-8.4667
20.30,-4.1557,-8.8162
20.40,-4.1852,-9.1238
20.50,-4.2148,-9.3839
20.60,-4.2443,-9.5908
20.70,-4.2739,-9.7400
20.80,-4.3035,-9.8298
20.90,-4.3330,-9.8585
21.00,-4.3626,-9.8246
21.10,-4.3922,-9.7278
21.20,-4.4217,-9.5706
21.30,-4.4513,-9.3556
21.40,-4.4808,-9.0855
21.50,-4.5103,-8.7641
21.60,-4.5398,-8.3973
21.70,-4.5692,-7.9914
21.80,-4.5987,-7.5524
21.90,-4.6280,-7.0870
22.00,-4.6574,-6.6028
22.10,-4.6867,-6.1074
22.20,-4.7160,-5.6083
22.30,-4.7452,-5.1129
22.40,-4.7744,-4.6283
22.50,-4.8035,-4.1614
22.60,-4.8326,-3.7192
22.70,-4.8617,-3.3080
22.80,-4.8907,-2.9327
22.90,-4.9196,-2.5981
23.00,-4.9485,-2.3092
23.10,-4.9774,-2.0698
23.20,-5.0062,-1.8824
23.30,-5.0350,-1.7490
23.40,-5.0637,-1.6718
23.50,-5.0924,-1.6521
23.60,-5.1211,-1.6895
23.70,-5.1497,-1.7832
23.80,-5.1784,-1.9326
23.90,-5.2070,-2.1363
24.00,-5.2356,-2.3912
24.10,-5.2641,-2.6940
24.20,-5.2927,-3.0414
24.30,-5.3212,-3.4294
24.40,-5.3498,-3.8526
24.50,-5.3783,-4.3054
24.60,-5.4069,-4.7822
24.70,-5.4354,-5.2770
24.80,-5.4640,-5.7824
24.90,-5.4925,-6.2912
25.00,-5.5211,-6.7958
25.10,-5.5497,-7.2890
25.20,-5.5782,-7.7639
25.30,-5.6068,-8.2137
25.40,-5.6354,-8.6315
25.50,-5.6641,-9.0105
25.60,-5.6927,-9.3445
25.70,-5.7213,-9.6286
25.80,-5.7500,-9.8575
25.90,-5.7786,-10.0263
26.00,-5.8073,-10.1301
26.10,-5.8359,-10.1672
26.20,-5.8646,-10.1375
26.30,-5.8932,-10.0412
26.40,-5.9219,-9.8785
26.50,-5.9505,-9.6526
26.60,-5.9791,-9.3677
26.70,-6.0077,-9.0282
26.80,-6.0363,-8.6387
26.90,-6.0648,-8.2060
27.00,-6.0933,-7.7376
27.10,-6.1217,-7.2409
27.20,-6.1501,-6.7237
27.30,-6.1784,-6.1938
27.40,-6.2067,-5.6597
27.50,-6.2349,-5.1294
27.60,-6.2631,-4.6110
27.70,-6.2912,-4.1116
27.80,-6.3192,-3.6380
27.90,-6.3472,-3.1973
28.00,-6.3751,-2.7956
28.10,-6.4030,-2.4375
28.20,-6.4308,-2.1274
28.30,-6.4586,-1.8694
28.40,-6.4863,-1.6672
28.50,-6.5139,-1.5224
28.60,-6.5415,-1.4365
28.70,-6.5691,-1.4112
28.80,-6.5966,-1.4472
28.90,-6.6241,-1.5435
29.00,-6.6516,-1.6985
29.10,-6.6791,-1.9108
29.20,-6.7065,-2.1784
29.30,-6.7339,-2.4975
29.40,-6.7614,-2.8638
29.50,-6.7888,-3.2732
29.60,-6.8162,-3.7211
29.70,-6.8435,-4.2015
29.80,-6.8709,-4.7076
29.90,-6.8983,-5.2330
30.00,-6.9257,-5.7708
30.10,-6.9532,-6.3135
30.20,-6.9806,-6.8531
30.30,-7.0081,-7.3815
30.40,-7.0355,-7.8909
30.50,-7.0630,-8.3736
30.60,-7.0905,-8.8225
30.70,-7.1181,-9.2303
30.80,-7.1456,-9.5897
30.90,-7.1732,-9.8939
31.00,-7.2008,-10.1381
31.10,-7.2284,-10.3181
31.20,-7.2561,-10.4298
31.30,-7.2837,-10.4699
31.40,-7.3114,-10.4384
31.50,-7.3391,-10.3361
31.60,-7.3667,-10.1636
31.70,-7.3944,-9.9229
31.80,-7.4220,-9.6190
31.90,-7.4496,-9.2572
32.00,-7.4771,-8.8430
32.10,-7.5047,-8.3829
32.20,-7.5321,-7.8850
32.30,-7.5596,-7.3574
32.40,-7.5869,-6.8087
32.50,-7.6142,-6.2471
32.60,-7.6414,-5.6814
32.70,-7.6686,-5.1201
32.80,-7.6956,-4.5720
32.90,-7.7226,-4.0446
33.00,-7.7495,-3.5451
33.10,-7.7764,-3.0804
33.20,-7.8031,-2.6575
33.30,-7.8298,-2.2812
33.40,-7.8564,-1.9559
33.50,-7.8829,-1.6855
33.60,-7.9093,-1.4740
33.70,-7.9357,-1.3231
33.80,-7.9621,-1.2344
33.90,-7.9883,-1.2091
34.00,-8.0146,-1.2483
34.10,-8.0407,-1.3512
34.20,-8.0669,-1.5159
34.30,-8.0930,-1.7405
34.40,-8.1191,-2.0231
34.50,-8.1451,-2.3600
34.60,-8.1712,-2.7466
34.70,-8.1972,-3.1782
34.80,-8.2233,-3.6500
34.90,-8.2493,-4.1561
35.00,-8.2754,-4.6893
35.10,-8.3014,-5.2425
35.20,-8.3275,-5.8086
35.30,-8.3536,-6.3798
35.40,-8.3797,-6.9479
35.50,-8.4059,-7.5044
35.60,-8.4320,-8.0408
35.70,-8.4582,-8.5491
35.80,-8.4844,-9.0216
35.90,-8.5106,-9.4509
36.00,-8.5368,-9.8294
36.10,-8.5631,-10.1498
36.20,-8.5894,-10.4063
36.30,-8.6157,-10.5951
36.40,-8.6420,-10.7120
36.50,-8.6682,-10.7536
36.60,-8.6945,-10.7194
36.70,-8.7208,-10.6104
36.80,-8.7470,-10.4279
36.90,-8.7732,-10.1737
37.00,-8.7994,-9.8529
37.10,-8.8255,-9.4715
37.20,-8.8515,-9.0354
37.30,-8.8775,-8.5514
37.40,-8.9034,-8.0280
37.50,-8.9292,-7.4740
37.60,-8.9550,-6.8982
37.70,-8.9806,-6.3095
37.80,-9.0062,-5.7170
37.90,-9.0317,-5.1297
38.00,-9.0570,-4.5566
38.10,-9.0823,-4.0056
38.20,-9.1074,-3.4842
38.30,-9.1325,-2.9997
38.40,-9.1574,-2.5590
38.50,-9.1823,-2.1672
38.60,-9.2071,-1.8287
38.70,-9.2317,-1.5477
38.80,-9.2563,-1.3279
38.90,-9.2808,-1.1713
39.00,-9.3052,-1.0794
39.10,-9.3295,-1.0536
39.20,-9.3538,-1.0950
39.30,-9.3780,-1.2024
39.40,-9.4021,-1.3742
39.50,-9.4262,-1.6083
39.60,-9.4503,-1.9029
39.70,-9.4743,-2.2539
39.80,-9.4983,-2.6566
39.90,-9.5223,-3.1063
40.00,-9.5463,-3.5981
40.10,-9.5702,-4.1257
40.20,-9.5942,-4.6819
40.30,-9.6181,-5.2593
40.40,-9.6420,-5.8508
40.50,-9.6658,-6.4482
40.60,-9.6897,-7.0429
40.70,-9.7135,-7.6261
40.80,-9.7373,-8.1891
40.90,-9.7611,-8.7236
41.00,-9.7849,-9.2215
41.10,-9.8086,-9.6750
41.20,-9.8323,-10.0759
41.30,-9.8559,-10.4166
41.40,-9.8795,-10.6916
41.50,-9.9031,-10.8961
41.60,-9.9265,-11.0257
41.70,-9.9500,-11.0766
41.80,-9.9733,-11.0489
41.90,-9.9966,-10.9432
42.00,-10.0197,-10.7601
42.10,-10.0427,-10.5023
42.20,-10.0657,-10.1752
42.30,-10.0884,-9.7846
42.40,-10.1111,-9.3363
42.50,-10.1336,-8.8379
42.60,-10.1559,-8.2981
42.70,-10.1781,-7.7261
42.80,-10.2001,-7.1306
42.90,-10.2219,-6.5209
43.00,-10.2436,-5.9066
43.10,-10.2651,-5.2969
43.20,-10.2864,-4.7009
43.30,-10.3076,-4.1268
43.40,-10.3286,-3.5823
43.50,-10.3495,-3.0753
43.60,-10.3702,-2.6126
43.70,-10.3907,-2.1992
43.80,-10.4111,-1.8400
43.90,-10.4314,-1.5398
44.00,-10.4515,-1.3021
44.10,-10.4715,-1.1288
44.20,-10.4914,-1.0221
44.30,-10.5111,-0.9839
44.40,-10.5308,-1.0145
44.50,-10.5503,-1.1130
44.60,-10.5697,-1.2781
44.70,-10.5890,-1.5085
44.80,-10.6082,-1.8018
44.90,-10.6273,-2.1539
45.00,-10.6462,-2.5608
45.10,-10.6651,-3.0186
45.20,-10.6838,-3.5220
45.30,-10.7024,-4.0642
45.40,-10.7208,-4.6385
45.50,-10.7391,-5.2384
45.60,-10.7572,-5.8559
45.70,-10.7753,-6.4820
45.80,-10.7932,-7.1076
45.90,-10.8109,-7.7238
46.00,-10.8286,-8.3214
46.10,-10.8462,-8.8913
46.20,-10.8638,-9.4246
46.30,-10.8813,-9.9122
46.40,-10.8988,-10.3453
46.50,-10.9162,-10.7165
46.60,-10.9337,-11.0190
46.70,-10.9512,-11.2457
46.80,-10.9687,-11.3916
46.90,-10.9863,-11.4546
47.00,-11.0040,-11.4335
47.10,-11.0216,-11.3270
47.20,-11.0393,-11.1368
47.30,-11.0570,-10.8673
47.40,-11.0747,-10.5231
47.50,-11.0923,-10.1092
47.60,-11.1099,-9.6333
47.70,-11.1274,-9.1044
47.80,-11.1448,-8.5315
47.90,-11.1620,-7.9239
48.00,-11.1790,-7.2918
48.10,-11.1958,-6.6457
48.20,-11.2125,-5.9960
48.30,-11.2288,-5.3524
48.40,-11.2450,-4.7242
48.50,-11.2608,-4.1204
48.60,-11.2765,-3.5501
48.70,-11.2918,-3.0204
48.80,-11.3069,-2.5376
48.90,-11.3218,-2.1079
49.00,-11.3364,-1.7370
49.10,-11.3508,-1.4285
49.20,-11.3650,-1.1853
49.30,-11.3790,-1.0103
49.40,-11.3928,-0.9056
49.50,-11.4064,-0.8713
49.60,-11.4200,-0.9071
49.70,-11.4334,-1.0131
49.80,-11.4467,-1.1874
49.90,-11.4599,-1.4274
50.00,-11.4731,-1.7301
50.10,-11.4863,-2.0925
50.20,-11.4995,-2.5094
50.30,-11.5126,-2.9753
50.40,-11.5258,-3.4845
50.50,-11.5391,-4.0309
50.60,-11.5524,-4.6073
50.70,-11.5658,-5.2061
50.80,-11.5793,-5.8199
50.90,-11.5929,-6.4403
51.00,-11.6067,-7.0576
51.10,-11.6207,-7.6622
51.20,-11.6349,-8.2444
51.30,-11.6492,-8.7946
51.40,-11.6638,-9.3037
51.50,-11.6787,-9.7634
51.60,-11.6938,-10.1658
51.70,-11.7091,-10.5028
51.80,-11.7247,-10.7670
51.90,-11.7405,-10.9547
52.00,-11.7565,-11.0630
52.10,-11.7728,-11.0892
52.20,-11.7892,-11.0308
52.30,-11.8057,-10.8891
52.40,-11.8223,-10.6682
52.50,-11.8390,-10.3724
52.60,-11.8557,-10.0060
52.70,-11.8723,-9.5751
52.80,-11.8889,-9.0895
52.90,-11.9053,-8.5592
53.00,-11.9215,-7.9943
53.10,-11.9375,-7.4050
53.20,-11.9533,-6.8017
53.30,-11.9688,-6.1947
53.40,-11.9840,-5.5939
53.50,-11.9989,-5.0076
53.60,-12.0135,-4.4442
53.70,-12.0279,-3.9120
53.80,-12.0419,-3.4174
53.90,-12.0556,-2.9656
54.00,-12.0691,-2.5620
54.10,-12.0824,-2.2112
54.20,-12.0954,-1.9161
54.30,-12.1082,-1.6792
54.40,-12.1209,-1.5030
54.50,-12.1334,-1.3890
54.60,-12.1458,-1.3377
54.70,-12.1581,-1.3495
54.80,-12.1702,-1.4243
54.90,-12.1823,-1.5604
55.00,-12.1943,-1.7555
55.10,-12.2063,-2.0070
55.20,-12.2182,-2.3127
55.30,-12.2301,-2.6686
55.40,-12.2421,-3.0695
55.50,-12.2541,-3.5100
55.60,-12.2663,-3.9848
55.70,-12.2785,-4.4880
55.80,-12.2908,-5.0125
55.90,-12.3033,-5.5503
56.00,-12.3159,-6.0939
56.10,-12.3288,-6.6356
56.20,-12.3419,-7.1672
56.30,-12.3552,-7.6805
56.40,-12.3688,-8.1672
56.50,-12.3827,-8.6191
56.60,-12.3968,-9.0283
56.70,-12.4112,-9.3888
56.80,-12.4258,-9.6945
56.90,-12.4408,-9.9396
57.00,-12.4559,-10.1184
57.10,-12.4713,-10.2280
57.20,-12.4869,-10.2679
57.30,-12.5027,-10.2371
57.40,-12.5186,-10.1351
57.50,-12.5346,-9.9627
57.60,-12.5507,-9.7246
57.70,-12.5668,-9.4260
57.80,-12.5829,-9.0724
57.90,-12.5988,-8.6691
58.00,-12.6147,-8.2240
58.10,-12.6303,-7.7462
58.20,-12.6458,-7.2448
58.30,-12.6611,-6.7288
58.40,-12.6760,-6.2068
58.50,-12.6908,-5.6871
58.60,-12.7052,-5.1784
58.70,-12.7193,-4.6879
58.80,-12.7331,-4.2221
58.90,-12.7466,-3.7872
59.00,-12.7599,-3.3891
59.10,-12.7728,-3.0322
59.20,-12.7856,-2.7200
59.30,-12.7980,-2.4560
59.40,-12.8103,-2.2431
59.50,-12.8224,-2.0825
59.60,-12.8344,-1.9754
59.70,-12.8462,-1.9227
59.80,-12.8579,-1.9245
59.90,-12.8695,-1.9801
60.00,-12.8810,-2.0886
60.10,-12.8925,-2.2489
60.20,-12.9040,-2.4582
60.30,-12.9155,-2.7130
60.40,-12.9270,-3.0099
60.50,-12.9385,-3.3456
60.60,-12.9502,-3.7162
60.70,-12.9619,-4.1163
60.80,-12.9738,-4.5399
60.90,-12.9858,-4.9812
61.00,-12.9980,-5.4343
61.10,-13.0103,-5.8931
61.20,-13.0229,-6.3507
61.30,-13.0356,-6.8001
61.40,-13.0486,-7.2343
61.50,-13.0619,-7.6463
61.60,-13.0754,-8.0296
61.70,-13.0891,-8.3784
61.80,-13.1031,-8.6873
61.90,-13.1174,-8.9506
62.00,-13.1319,-9.1629
62.10,-13.1466,-9.3202
62.20,-13.1616,-9.4210
62.30,-13.1767,-9.4641
62.40,-13.1921,-9.4482
62.50,-13.2075,-9.3721
62.60,-13.2230,-9.2369
62.70,-13.2386,-9.0466
62.80,-13.2542,-8.8051
62.90,-13.2698,-8.5165
63.00,-13.2853,-8.1848
63.10,-13.3007,-7.8163
63.20,-13.3159,-7.4185
63.30,-13.3310,-6.9994
63.40,-13.3458,-6.5666
63.50,-13.3604,-6.1274
63.60,-13.3747,-5.6891
63.70,-13.3887,-5.2586
63.80,-13.4025,-4.8429
63.90,-13.4160,-4.4477
64.00,-13.4292,-4.0779
64.10,-13.4421,-3.7385
64.20,-13.4549,-3.4344
64.30,-13.4673,-3.1685
64.40,-13.4796,-2.9432
64.50,-13.4917,-2.7611
64.60,-13.5036,-2.6241
64.70,-13.5154,-2.5329
64.80,-13.5270,-2.4876
64.90,-13.5386,-2.4884
65.00,-13.5501,-2.5350
65.10,-13.5615,-2.6262
65.20,-13.5729,-2.7603
65.30,-13.5843,-2.9358
65.40,-13.5957,-3.1504
65.50,-13.6071,-3.4005
65.60,-13.6186,-3.6824
65.70,-13.6302,-3.9922
65.80,-13.6419,-4.3261
65.90,-13.6536,-4.6800
66.00,-13.6656,-5.0485
66.10,-13.6776,-5.4261
66.20,-13.6899,-5.8072
66.30,-13.7023,-6.1863
66.40,-13.7150,-6.5580
66.50,-13.7278,-6.9167
66.60,-13.7409,-7.2569
66.70,-13.7542,-7.5732
66.80,-13.7678,-7.8601
66.90,-13.7815,-8.1124
67.00,-13.7956,-8.3266
67.10,-13.8098,-8.4999
67.20,-13.8242,-8.6294
67.30,-13.8388,-8.7120
67.40,-13.8536,-8.7453
67.50,-13.8685,-8.7294
67.60,-13.8835,-8.6656
67.70,-13.8986,-8.5552
67.80,-13.9138,-8.3996
67.90,-13.9289,-8.2002
68.00,-13.9441,-7.9610
68.10,-13.9592,-7.6873
68.20,-13.9741,-7.3843
68.30,-13.9889,-7.0574
68.40,-14.0036,-6.7119
68.50,-14.0180,-6.3537
68.60,-14.0323,-5.9891
68.70,-14.0463,-5.6247
68.80,-14.0600,-5.2668
68.90,-14.0735,-4.9209
69.00,-14.0867,-4.5919
69.10,-14.0997,-4.2843
69.20,-14.1125,-4.0029
69.30,-14.1251,-3.7515
69.40,-14.1374,-3.5324
69.50,-14.1496,-3.3480
69.60,-14.1616,-3.2005
69.70,-14.1734,-3.0915
69.80,-14.1851,-3.0214
69.90,-14.1968,-2.9902
70.00,-14.2083,-2.9980
70.10,-14.2198,-3.0443
70.20,-14.2312,-3.1278
70.30,-14.2427,-3.2465
70.40,-14.2541,-3.3987
70.50,-14.2656,-3.5825
70.60,-14.2771,-3.7950
70.70,-14.2886,-4.0332
70.80,-14.3003,-4.2939
70.90,-14.3120,-4.5741
71.00,-14.3238,-4.8695
71.10,-14.3358,-5.1757
71.20,-14.3479,-5.4882
71.30,-14.3602,-5.8025
71.40,-14.3726,-6.1141
71.50,-14.3853,-6.4185
71.60,-14.3981,-6.7114
71.70,-14.4111,-6.9885
71.80,-14.4243,-7.2456
71.90,-14.4377,-7.4782
72.00,-14.4513,-7.6821
72.10,-14.4652,-7.8536
72.20,-14.4792,-7.9909
72.30,-14.4934,-8.0922
72.40,-14.5077,-8.1561
72.50,-14.5222,-8.1809
72.60,-14.5368,-8.1650
72.70,-14.5514,-8.1080
72.80,-14.5662,-8.0120
72.90,-14.5810,-7.8791
73.00,-14.5958,-7.7117
73.10,-14.6105,-7.5120
73.20,-14.6252,-7.2822
73.30,-14.6398,-7.0261
73.40,-14.6543,-6.7490
73.50,-14.6686,-6.4565
73.60,-14.6828,-6.1543
73.70,-14.6967,-5.8477
73.80,-14.7104,-5.5419
73.90,-14.7239,-5.2416
74.00,-14.7372,-4.9516
74.10,-14.7503,-4.6769
74.20,-14.7632,-4.4216
74.30,-14.7758,-4.1885
74.40,-14.7883,-3.9808
74.50,-14.8006,-3.8013
74.60,-14.8127,-3.6528
74.70,-14.8246,-3.5366
74.80,-14.8365,-3.4531
74.90,-14.8482,-3.4032
75.00,-14.8599,-3.3873
75.10,-14.8715,-3.4053
75.20,-14.8830,-3.4561
75.30,-14.8945,-3.5382
75.40,-14.9060,-3.6503
75.50,-14.9175,-3.7908
75.60,-14.9291,-3.9574
75.70,-14.9407,-4.1473
75.80,-14.9524,-4.3579
75.90,-14.9641,-4.5864
76.00,-14.9760,-4.8296
76.10,-14.9879,-5.0837
76.20,-15.0000,-5.3449
76.30,-15.0122,-5.6092
76.40,-15.0246,-5.8727
76.50,-15.0371,-6.1317
76.60,-15.0498,-6.3822
76.70,-15.0627,-6.6208
76.80,-15.0757,-6.8437
76.90,-15.0889,-7.0474
77.00,-15.1023,-7.2281
77.10,-15.1159,-7.3828
77.20,-15.1297,-7.5098
77.30,-15.1436,-7.6073
77.40,-15.1576,-7.6740
77.50,-15.1718,-7.7082
77.60,-15.1861,-7.7085
77.70,-15.2004,-7.6752
77.80,-15.2148,-7.6096
77.90,-15.2293,-7.5133
78.00,-15.2438,-7.3879
78.10,-15.2582,-7.2349
78.20,-15.2726,-7.0562
78.30,-15.2870,-6.8554
78.40,-15.3012,-6.6362
78.50,-15.3153,-6.4026
78.60,-15.3293,-6.1582
78.70,-15.3432,-5.9071
78.80,-15.3568,-5.6531
78.90,-15.3703,-5.4003
79.00,-15.3836,-5.1526
79.10,-15.3967,-4.9142
79.20,-15.4097,-4.6891
79.30,-15.4224,-4.4810
79.40,-15.4349,-4.2927
79.50,-15.4473,-4.1264
79.60,-15.4595,-3.9844
79.70,-15.4716,-3.8690
79.80,-15.4835,-3.7823
79.90,-15.4953,-3.7257
80.00,-15.5070,-3.6990
80.10,-15.5187,-3.7018
80.20,-15.5303,-3.7340
80.30,-15.5419,-3.7951
80.40,-15.5534,-3.8847
80.50,-15.5650,-4.0010
80.60,-15.5766,-4.1413
80.70,-15.5882,-4.3033
80.80,-15.5999,-4.4844
80.90,-15.6117,-4.6821
81.00,-15.6236,-4.8936
81.10,-15.6355,-5.1153
81.20,-15.6476,-5.3437
81.30,-15.6599,-5.5751
81.40,-15.6722,-5.8059
81.50,-15.6848,-6.0325
81.60,-15.6975,-6.2515
81.70,-15.7103,-6.4599
81.80,-15.7233,-6.6544
81.90,-15.7365,-6.8319
82.00,-15.7498,-6.9891
82.10,-15.7633,-7.1234
82.20,-15.7770,-7.2332
82.30,-15.7907,-7.3175
82.40,-15.8046,-7.3748
82.50,-15.8186,-7.4040
82.60,-15.8327,-7.4038
82.70,-15.8469,-7.3743
82.80,-15.8611,-7.3171
82.90,-15.8754,-7.2333
83.00,-15.8896,-7.1246
83.10,-15.9039,-6.9923
83.20,-15.9181,-6.8381
83.30,-15.9322,-6.6648
83.40,-15.9462,-6.4758
83.50,-15.9602,-6.2745
83.60,-15.9740,-6.0642
83.70,-15.9877,-5.8482
83.80,-16.0012,-5.6299
83.90,-16.0146,-5.4127
84.00,-16.0278,-5.2000
84.10,-16.0409,-4.9953
84.20,-16.0537,-4.8020
84.30,-16.0664,-4.6234
84.40,-16.0790,-4.4621
84.50,-16.0913,-4.3198
84.60,-16.1036,-4.1984
84.70,-16.1157,-4.0998
84.80,-16.1277,-4.0258
84.90,-16.1396,-3.9778
85.00,-16.1514,-3.9559
85.10,-16.1631,-3.9595
85.20,-16.1748,-3.9884
85.30,-16.1865,-4.0420
85.40,-16.1982,-4.1199
85.50,-16.2098,-4.2210
85.60,-16.2215,-4.3430
85.70,-16.2333,-4.4836
85.80,-16.2451,-4.6405
85.90,-16.2569,-4.8114
86.00,-16.2689,-4.9940
86.10,-16.2810,-5.1853
86.20,-16.2931,-5.3821
86.30,-16.3054,-5.5814
86.40,-16.3178,-5.7799
86.50,-16.3304,-5.9745
86.60,-16.3431,-6.1621
86.70,-16.3560,-6.3402
86.80,-16.3689,-6.5061
86.90,-16.3821,-6.6572
87.00,-16.3954,-6.7911
87.10,-16.4088,-6.9051
87.20,-16.4223,-6.9975
87.30,-16.4360,-7.0677
87.40,-16.4497,-7.1147
87.50,-16.4636,-7.1379
87.60,-16.4775,-7.1365
87.70,-16.4915,-7.1098
87.80,-16.5056,-7.0587
87.90,-16.5196,-6.9847
88.00,-16.5337,-6.8893
88.10,-16.5477,-6.7742
88.20,-16.5617,-6.6408
88.30,-16.5757,-6.4911
88.40,-16.5895,-6.3277
88.50,-16.6033,-6.1535
88.60,-16.6170,-5.9717
88.70,-16.6306,-5.7852
88.80,-16.6440,-5.5970
88.90,-16.6573,-5.4102
89.00,-16.6704,-5.2274
89.10,-16.6834,-5.0514
89.20,-16.6962,-4.8852
89.30,-16.7089,-4.7313
89.40,-16.7214,-4.5925
89.50,-16.7338,-4.4711
89.60,-16.7461,-4.3682
89.70,-16.7583,-4.2851
89.80,-16.7703,-4.2227
89.90,-16.7823,-4.1823
90.00,-16.7942,-4.1650
90.10,-16.8060,-4.1709
90.20,-16.8178,-4.1990
90.30,-16.8296,-4.2484
90.40,-16.8414,-4.3184
90.50,-16.8532,-4.4079
90.60,-16.8650,-4.5160
90.70,-16.8768,-4.6408
90.80,-16.8887,-4.7799
90.90,-16.9007,-4.9308
91.00,-16.9127,-5.0912
91.10,-16.9249,-5.2586
91.20,-16.9371,-5.4307
91.30,-16.9495,-5.6047
91.40,-16.9619,-5.7779
91.50,-16.9745,-5.9474
91.60,-16.9873,-6.1106
91.70,-17.0001,-6.2647
91.80,-17.0131,-6.4071
91.90,-17.0262,-6.5362
92.00,-17.0395,-6.6500
92.10,-17.0528,-6.7468
92.20,-17.0663,-6.8249
92.30,-17.0799,-6.8825
92.40,-17.0936,-6.9188
92.50,-17.1073,-6.9337
92.60,-17.1211,-6.9275
92.70,-17.1350,-6.9005
92.80,-17.1489,-6.8526
92.90,-17.1628,-6.7843
93.00,-17.1767,-6.6968
93.10,-17.1906,-6.5920
93.20,-17.2044,-6.4722
93.30,-17.2182,-6.3391
93.40,-17.2320,-6.1950
93.50,-17.2456,-6.0419
93.60,-17.2591,-5.8823
93.70,-17.2726,-5.7190
93.80,-17.2859,-5.5547
93.90,-17.2991,-5.3921
94.00,-17.3121,-5.2339
94.10,-17.3250,-5.0828
94.20,-17.3378,-4.9407
94.30,-17.3505,-4.8096
94.40,-17.3630,-4.6916
94.50,-17.3754,-4.5885
94.60,-17.3877,-4.5023
94.70,-17.3999,-4.4344
94.80,-17.4120,-4.3852
94.90,-17.4241,-4.3550
95.00,-17.4361,-4.3440
95.10,-17.4480,-4.3527
95.20,-17.4599,-4.3811
95.30,-17.4718,-4.4289
95.40,-17.4837,-4.4945
95.50,-17.4955,-4.5767
95.60,-17.5075,-4.6741
95.70,-17.5194,-4.7851
95.80,-17.5314,-4.9085
95.90,-17.5435,-5.0421
96.00,-17.5556,-5.1837
96.10,-17.5679,-5.3307
96.20,-17.5802,-5.4810
96.30,-17.5926,-5.6321
96.40,-17.6052,-5.7816
96.50,-17.6178,-5.9275
96.60,-17.6306,-6.0674
96.70,-17.6434,-6.1993
96.80,-17.6564,-6.3209
96.90,-17.6695,-6.4301
97.00,-17.6827,-6.5251
97.10,-17.6961,-6.6047
97.20,-17.7095,-6.6681
97.30,-17.7230,-6.7144
97.40,-17.7366,-6.7426
97.50,-17.7502,-6.7519
97.60,-17.7639,-6.7419
97.70,-17.7777,-6.7134
97.80,-17.7914,-6.6672
97.90,-17.8052,-6.6043
98.00,-17.8190,-6.5256
98.10,-17.8327,-6.4320
98.20,-17.8464,-6.3249
98.30,-17.8601,-6.2063
98.40,-17.8736,-6.0786
98.50,-17.8872,-5.9438
98.60,-17.9006,-5.8041
98.70,-17.9139,-5.6617
98.80,-17.9271,-5.5189
98.90,-17.9402,-5.3778
99.00,-17.9532,-5.2407
99.10,-17.9661,-5.1098
99.20,-17.9789,-4.9874
99.30,-17.9915,-4.8756
99.40,-18.0040,-4.7760
99.50,-18.0165,-4.6898
99.60,-18.0288,-4.6178
99.70,-18.0410,-4.5613
99.80,-18.0532,-4.5211
99.90,-18.0653,-4.4983
100.00,-18.0774,-4.4929
100.10,-18.0894,-4.5040
100.20,-18.1013,-4.5309
100.30,-18.1133,-4.5729
100.40,-18.1252,-4.6292
100.50,-18.1371,-4.6991
100.60,-18.1490,-4.7807
100.70,-18.1610,-4.8720
100.80,-18.1730,-4.9709
100.90,-18.1850,-5.0751
101.00,-18.1970,-5.1827
101.10,-18.2091,-5.2914
101.20,-18.2212,-5.3990
101.30,-18.2334,-5.5033
101.40,-18.2457,-5.6018
101.50,-18.2580,-5.6923
101.60,-18.2703,-5.7725
101.70,-18.2827,-5.8403
101.80,-18.2951,-5.8943
101.90,-18.3076,-5.9333
102.00,-18.3201,-5.9564
102.10,-18.3327,-5.9622
102.20,-18.3452,-5.9499
102.30,-18.3578,-5.9184
102.40,-18.3703,-5.8684
102.50,-18.3828,-5.8004
102.60,-18.3953,-5.7153
102.70,-18.4077,-5.6137
102.80,-18.4201,-5.4963
102.90,-18.4324,-5.3643
103.00,-18.4446,-5.2196
103.10,-18.4567,-5.0642
103.20,-18.4686,-4.9002
103.30,-18.4805,-4.7298
103.40,-18.4922,-4.5550
103.50,-18.5038,-4.3779
103.60,-18.5152,-4.2009
103.70,-18.5265,-4.0260
103.80,-18.5376,-3.8556
103.90,-18.5485,-3.6918
104.00,-18.5593,-3.5370
104.10,-18.5699,-3.3928
104.20,-18.5804,-3.2605
104.30,-18.5907,-3.1414
104.40,-18.6009,-3.0365
104.50,-18.6110,-2.9471
104.60,-18.6209,-2.8743
104.70,-18.6308,-2.8186
104.80,-18.6405,-2.7796
104.90,-18.6501,-2.7571
105.00,-18.6597,-2.7505
105.10,-18.6691,-2.7596
105.20,-18.6786,-2.7840
105.30,-18.6879,-2.8226
105.40,-18.6973,-2.8738
105.50,-18.7066,-2.9359
105.60,-18.7158,-3.0075
105.70,-18.7251,-3.0868
105.80,-18.7344,-3.1722
105.90,-18.7436,-3.2618
106.00,-18.7529,-3.3536
106.10,-18.7622,-3.4455
106.20,-18.7715,-3.5355
106.30,-18.7808,-3.6214
106.40,-18.7901,-3.7013
106.50,-18.7994,-3.7735
106.60,-18.8087,-3.8367
106.70,-18.8181,-3.8893
106.80,-18.8275,-3.9299
106.90,-18.8368,-3.9572
107.00,-18.8462,-3.9697
107.10,-18.8556,-3.9672
107.20,-18.8650,-3.9493
107.30,-18.8743,-3.9161
107.40,-18.8836,-3.8674
107.50,-18.8929,-3.8031
107.60,-18.9022,-3.7230
107.70,-18.9114,-3.6281
107.80,-18.9205,-3.5196
107.90,-18.9296,-3.3990
108.00,-18.9386,-3.2676
108.10,-18.9475,-3.1267
108.20,-18.9563,-2.9778
108.30,-18.9650,-2.8225
108.40,-18.9736,-2.6629
108.50,-18.9821,-2.5010
108.60,-18.9905,-2.3388
108.70,-18.9988,-2.1783
108.80,-19.0069,-2.0216
108.90,-19.0149,-1.8705
109.00,-19.0228,-1.7266
109.10,-19.0305,-1.5915
109.20,-19.0381,-1.4666
109.30,-19.0456,-1.3533
109.40,-19.0530,-1.2533
109.50,-19.0603,-1.1678
109.60,-19.0674,-1.0971
109.70,-19.0745,-1.0415
109.80,-19.0814,-1.0010
109.90,-19.0882,-0.9758
110.00,-19.0950,-0.9661
110.10,-19.1017,-0.9719
110.20,-19.1083,-0.9923
110.30,-19.1148,-1.0262
110.40,-19.1213,-1.0722
110.50,-19.1277,-1.1291
110.60,-19.1340,-1.1957
110.70,-19.1404,-1.2707
110.80,-19.1466,-1.3525
110.90,-19.1529,-1.4391
111.00,-19.1590,-1.5286
111.10,-19.1652,-1.6189
111.20,-19.1713,-1.7082
111.30,-19.1774,-1.7945
111.40,-19.1835,-1.8760
111.50,-19.1895,-1.9511
111.60,-19.1955,-2.0181
111.70,-19.2014,-2.0754
111.80,-19.2074,-2.1215
111.90,-19.2132,-2.1547
112.00,-19.2191,-2.1737
112.10,-19.2249,-2.1781
112.20,-19.2306,-2.1676
112.30,-19.2363,-2.1418
112.40,-19.2419,-2.1003
112.50,-19.2475,-2.0428
112.60,-19.2530,-1.9690
112.70,-19.2585,-1.8800
112.80,-19.2639,-1.7768
112.90,-19.2692,-1.6607
113.00,-19.2744,-1.5326
113.10,-19.2796,-1.3939
113.20,-19.2846,-1.2457
113.30,-19.2896,-1.0898
113.40,-19.2945,-0.9282
113.50,-19.2992,-0.7630
113.60,-19.3039,-0.5963
113.70,-19.3085,-0.4300
113.80,-19.3130,-0.2663
113.90,-19.3173,-0.1072
114.00,-19.3215,0.0455
114.10,-19.3256,0.1897
114.20,-19.3295,0.3237
114.30,-19.3332,0.4454
114.40,-19.3368,0.5529
114.50,-19.3401,0.6448
114.60,-19.3433,0.7202
114.70,-19.3462,0.7784
114.80,-19.3489,0.8188
114.90,-19.3513,0.8408
115.00,-19.3534,0.8437
115.10,-19.3552,0.8271
115.20,-19.3567,0.7919
115.30,-19.3579,0.7396
115.40,-19.3588,0.6715
115.50,-19.3594,0.5890
115.60,-19.3597,0.4933
115.70,-19.3596,0.3868
115.80,-19.3593,0.2718
115.90,-19.3588,0.1508
116.00,-19.3580,0.0264
116.10,-19.3570,-0.0991
116.20,-19.3559,-0.2229
116.30,-19.3545,-0.3426
116.40,-19.3531,-0.4553
116.50,-19.3515,-0.5586
116.60,-19.3499,-0.6496
116.70,-19.3482,-0.7261
116.80,-19.3465,-0.7867
116.90,-19.3447,-0.8297
117.00,-19.3430,-0.8538
117.10,-19.3412,-0.8574
117.20,-19.3393,-0.8395
117.30,-19.3375,-0.8001
117.40,-19.3357,-0.7397
117.50,-19.3338,-0.6587
117.60,-19.3319,-0.5574
117.70,-19.3299,-0.4366
117.80,-19.3279,-0.2977
117.90,-19.3258,-0.1427
118.00,-19.3236,0.0264
118.10,-19.3213,0.2074
118.20,-19.3188,0.3984
118.30,-19.3162,0.5970
118.40,-19.3134,0.8006
118.50,-19.3105,1.0064
118.60,-19.3073,1.2117
118.70,-19.3040,1.4140
118.80,-19.3004,1.6105
118.90,-19.2966,1.7992
119.00,-19.2926,1.9779
119.10,-19.2884,2.1444
119.20,-19.2840,2.2966
119.30,-19.2793,2.4326
119.40,-19.2744,2.5512
119.50,-19.2693,2.6515
119.60,-19.2640,2.7329
119.70,-19.2586,2.7943
119.80,-19.2529,2.8352
119.90,-19.2471,2.8556
120.00,-19.2412,2.8566
120.10,-19.2351,2.8389
120.20,-19.2290,2.8035
120.30,-19.2228,2.7513
120.40,-19.2165,2.6835
120.50,-19.2101,2.6019
120.60,-19.2038,2.5085
120.70,-19.1974,2.4051
120.80,-19.1910,2.2935
120.90,-19.1847,2.1756
121.00,-19.1784,2.0535
121.10,-19.1721,1.9296
121.20,-19.1658,1.8062
121.30,-19.1597,1.6858
121.40,-19.1535,1.5706
121.50,-19.1475,1.4631
121.60,-19.1415,1.3651
121.70,-19.1355,1.2783
121.80,-19.1297,1.2044
121.90,-19.1238,1.1449
122.00,-19.1180,1.1016
122.10,-19.1123,1.0759
122.20,-19.1066,1.0684
122.30,-19.1009,1.0792
122.40,-19.0952,1.1084
122.50,-19.0895,1.1563
122.60,-19.0838,1.2228
122.70,-19.0780,1.3080
122.80,-19.0722,1.4106
122.90,-19.0664,1.5292
123.00,-19.0604,1.6623
123.10,-19.0544,1.8086
123.20,-19.0482,1.9664
123.30,-19.0419,2.1342
123.40,-19.0355,2.3098
123.50,-19.0290,2.4910
123.60,-19.0223,2.6753
123.70,-19.0154,2.8606
123.80,-19.0083,3.0444
123.90,-19.0011,3.2248
124.00,-18.9937,3.3996
124.10,-18.9861,3.5670
124.20,-18.9783,3.7250
124.30,-18.9704,3.8716
124.40,-18.9622,4.0050
124.50,-18.9539,4.1236
124.60,-18.9454,4.2266
124.70,-18.9367,4.3132
124.80,-18.9279,4.3826
124.90,-18.9190,4.4339
125.00,-18.9100,4.4664
125.10,-18.9008,4.4800
125.20,-18.8916,4.4753
125.30,-18.8822,4.4531
125.40,-18.8729,4.4139
125.50,-18.8635,4.3585
125.60,-18.8540,4.2874
125.70,-18.8446,4.2020
125.80,-18.8352,4.1038
125.90,-18.8258,3.9945
126.00,-18.8165,3.8757
126.10,-18.8072,3.7489
126.20,-18.7980,3.6158
126.30,-18.7889,3.4782
126.40,-18.7799,3.3381
126.50,-18.7710,3.1976
126.60,-18.7622,3.0587
126.70,-18.7535,2.9236
126.80,-18.7449,2.7942
126.90,-18.7364,2.6726
127.00,-18.7280,2.5601
127.10,-18.7197,2.4582
127.20,-18.7116,2.3683
127.30,-18.7035,2.2919
127.40,-18.6955,2.2303
127.50,-18.6876,2.1849
127.60,-18.6798,2.1560
127.70,-18.6721,2.1435
127.80,-18.6644,2.1476
127.90,-18.6567,2.1682
128.00,-18.6490,2.2053
128.10,-18.6414,2.2590
128.20,-18.6338,2.3284
128.30,-18.6261,2.4120
128.40,-18.6185,2.5084
128.50,-18.6108,2.6163
128.60,-18.6030,2.7341
128.70,-18.5952,2.8605
128.80,-18.5873,2.9937
128.90,-18.5793,3.1317
129.00,-18.5713,3.2724
129.10,-18.5631,3.4137
129.20,-18.5548,3.5536
129.30,-18.5465,3.6899
129.40,-18.5380,3.8206
129.50,-18.5294,3.9441
129.60,-18.5207,4.0588
129.70,-18.5119,4.1630
129.80,-18.5030,4.2552
129.90,-18.4939,4.3337
130.00,-18.4848,4.3970
130.10,-18.4756,4.4445
130.20,-18.4663,4.4759
130.30,-18.4570,4.4909
130.40,-18.4476,4.4892
130.50,-18.4381,4.4707
130.60,-18.4286,4.4349
130.70,-18.4191,4.3824
130.80,-18.4096,4.3144
130.90,-18.4001,4.2321
131.00,-18.3906,4.1366
131.10,-18.3811,4.0292
131.20,-18.3717,3.9111
131.30,-18.3624,3.7838
131.40,-18.3531,3.6492
131.50,-18.3439,3.5094
131.60,-18.3348,3.3666
131.70,-18.3257,3.2227
131.80,-18.3168,3.0798
131.90,-18.3080,2.9400
132.00,-18.2993,2.8052
132.10,-18.2907,2.6772
132.20,-18.2822,2.5578
132.30,-18.2738,2.4490
132.40,-18.2655,2.3524
132.50,-18.2573,2.2700
132.60,-18.2492,2.2027
132.70,-18.2412,2.1511
132.80,-18.2333,2.1159
132.90,-18.2254,2.0975
133.00,-18.2176,2.0966
133.10,-18.2098,2.1137
133.20,-18.2020,2.1488
133.30,-18.1943,2.2007
133.40,-18.1866,2.2685
133.50,-18.1789,2.3512
133.60,-18.1711,2.4476
133.70,-18.1633,2.5568
133.80,-18.1555,2.6774
133.90,-18.1476,2.8075
134.00,-18.1397,2.9450
134.10,-18.1317,3.0879
134.20,-18.1236,3.2339
134.30,-18.1153,3.3811
134.40,-18.1070,3.5274
134.50,-18.0986,3.6708
134.60,-18.0901,3.8092
134.70,-18.0814,3.9408
134.80,-18.0727,4.0636
134.90,-18.0638,4.1755
135.00,-18.0549,4.2747
135.10,-18.0458,4.3599
135.20,-18.0366,4.4301
135.30,-18.0273,4.4846
135.40,-18.0180,4.5226
135.50,-18.0086,4.5434
135.60,-17.9991,4.5460
135.70,-17.9895,4.5303
135.80,-17.9800,4.4968
135.90,-17.9704,4.4465
136.00,-17.9607,4.3802
136.10,-17.9511,4.2985
136.20,-17.9415,4.2024
136.30,-17.9320,4.0927
136.40,-17.9225,3.9714
136.50,-17.9130,3.8403
136.60,-17.9036,3.7014
136.70,-17.8943,3.5566
136.80,-17.8850,3.4081
136.90,-17.8759,3.2576
137.00,-17.8669,3.1073
137.10,-17.8579,2.9594
137.20,-17.8491,2.8159
137.30,-17.8404,2.6791
137.40,-17.8318,2.5510
137.50,-17.8233,2.4337
137.60,-17.8149,2.3291
137.70,-17.8067,2.2383
137.80,-17.7985,2.1624
137.90,-17.7904,2.1024
138.00,-17.7824,2.0596
138.10,-17.7744,2.0349
138.20,-17.7666,2.0292
138.30,-17.7587,2.0422
138.40,-17.7509,2.0733
138.50,-17.7432,2.1220
138.60,-17.7354,2.1875
138.70,-17.7277,2.2693
138.80,-17.7199,2.3667
138.90,-17.7121,2.4783
139.00,-17.7042,2.6021
139.10,-17.6963,2.7362
139.20,-17.6884,2.8785
139.30,-17.6803,3.0271
139.40,-17.6722,3.1800
139.50,-17.6640,3.3351
139.60,-17.6557,3.4902
139.70,-17.6473,3.6430
139.80,-17.6387,3.7914
139.90,-17.6301,3.9330
140.00,-17.6213,4.0657
140.10,-17.6124,4.1873
140.20,-17.6034,4.2964
140.30,-17.5943,4.3917
140.40,-17.5851,4.4720
140.50,-17.5758,4.5360
140.60,-17.5664,4.5825
140.70,-17.5569,4.6102
140.80,-17.5473,4.6188
140.90,-17.5377,4.6087
141.00,-17.5281,4.5802
141.10,-17.5184,4.5339
141.20,-17.5087,4.4700
141.30,-17.4990,4.3889
141.40,-17.4893,4.2916
141.50,-17.4796,4.1797
141.60,-17.4700,4.0551
141.70,-17.4604,3.9196
141.80,-17.4509,3.7752
141.90,-17.4415,3.6237
142.00,-17.4321,3.4669
142.10,-17.4229,3.3071
142.20,-17.4137,3.1468
142.30,-17.4047,2.9881
142.40,-17.3958,2.8336
142.50,-17.3870,2.6855
142.60,-17.3783,2.5462
142.70,-17.3697,2.4176
142.80,-17.3613,2.3012
142.90,-17.3529,2.1987
143.00,-17.3447,2.1115
143.10,-17.3365,2.0413
143.20,-17.3285,1.9895
143.30,-17.3205,1.9572
143.40,-17.3126,1.9444
143.50,-17.3048,1.9509
143.60,-17.2969,1.9765
143.70,-17.2892,2.0211
143.80,-17.2814,2.0845
143.90,-17.2737,2.1663
144.00,-17.2659,2.2650
144.10,-17.2581,2.3789
144.20,-17.2503,2.5061
144.30,-17.2424,2.6448
144.40,-17.2345,2.7932
144.50,-17.2265,2.9493
144.60,-17.2184,3.1111
144.70,-17.2102,3.2762
144.80,-17.2019,3.4419
144.90,-17.1935,3.6060
145.00,-17.1849,3.7660
145.10,-17.1763,3.9194
145.20,-17.1675,4.0639
145.30,-17.1586,4.1978
145.40,-17.1496,4.3195
145.50,-17.1405,4.4271
145.60,-17.1313,4.5190
145.70,-17.1219,4.5935
145.80,-17.1125,4.6490
145.90,-17.1029,4.6850
146.00,-17.0933,4.7016
146.10,-17.0837,4.6986
146.20,-17.0739,4.6760
146.30,-17.0642,4.6337
146.40,-17.0544,4.5717
146.50,-17.0446,4.4909
146.60,-17.0348,4.3928
146.70,-17.0250,4.2790
146.80,-17.0153,4.1513
146.90,-17.0056,4.0113
147.00,-16.9960,3.8605
147.10,-16.9865,3.7009
147.20,-16.9770,3.5349
147.30,-16.9677,3.3650
147.40,-16.9584,3.1937
147.50,-16.9493,3.0236
147.60,-16.9403,2.8570
147.70,-16.9314,2.6965
147.80,-16.9226,2.5442
147.90,-16.9140,2.4022
148.00,-16.9055,2.2723
148.10,-16.8971,2.1567
148.20,-16.8888,2.0574
148.30,-16.8806,1.9762
148.40,-16.8725,1.9145
148.50,-16.8646,1.8725
148.60,-16.8566,1.8506
148.70,-16.8488,1.8492
148.80,-16.8410,1.8685
148.90,-16.8332,1.9090
149.00,-16.8255,1.9705
149.10,-16.8178,2.0515
149.20,-16.8100,2.1505
149.30,-16.8023,2.2660
149.40,-16.7945,2.3964
149.50,-16.7867,2.5401
149.60,-16.7788,2.6954
149.70,-16.7708,2.8601
149.80,-16.7628,3.0315
149.90,-16.7546,3.2070
150.00,-16.7464,3.3841
150.10,-16.7380,3.5602
150.20,-16.7295,3.7328
150.30,-16.7209,3.8993
150.40,-16.7121,4.0577
150.50,-16.7033,4.2058
150.60,-16.6943,4.3414
150.70,-16.6851,4.4624
150.80,-16.6759,4.5666
150.90,-16.6665,4.6523
151.00,-16.6570,4.7188
151.10,-16.6475,4.7653
151.20,-16.6378,4.7915
151.30,-16.6281,4.7967
151.40,-16.6183,4.7803
151.50,-16.6084,4.7420
151.60,-16.5986,4.6826
151.70,-16.5887,4.6033
151.80,-16.5788,4.5055
151.90,-16.5689,4.3905
152.00,-16.5591,4.2596
152.10,-16.5493,4.1143
152.20,-16.5396,3.9564
152.30,-16.5300,3.7884
152.40,-16.5204,3.6129
152.50,-16.5110,3.4325
152.60,-16.5016,3.2497
152.70,-16.4924,3.0672
152.80,-16.4833,2.8873
152.90,-16.4744,2.7127
153.00,-16.4655,2.5456
153.10,-16.4568,2.3887
153.20,-16.4483,2.2442
153.30,-16.4398,2.1146
153.40,-16.4315,2.0023
153.50,-16.4233,1.9086
153.60,-16.4152,1.8345
153.70,-16.4072,1.7807
153.80,-16.3993,1.7484
153.90,-16.3914,1.7382
154.00,-16.3836,1.7512
154.10,-16.3759,1.7873
154.20,-16.3682,1.8454
154.30,-16.3605,1.9241
154.40,-16.3529,2.0225
154.50,-16.3452,2.1391
154.60,-16.3374,2.2730
154.70,-16.3297,2.4224
154.80,-16.3218,2.5850
154.90,-16.3139,2.7582
155.00,-16.3059,2.9393
155.10,-16.2979,3.1258
155.20,-16.2897,3.3151
155.30,-16.2813,3.5044
155.40,-16.2729,3.6912
155.50,-16.2643,3.8729
155.60,-16.2556,4.0467
155.70,-16.2468,4.2101
155.80,-16.2378,4.3604
155.90,-16.2287,4.4950
156.00,-16.2194,4.6118
156.10,-16.2100,4.7094
156.20,-16.2005,4.7865
156.30,-16.1908,4.8418
156.40,-16.1811,4.8739
156.50,-16.1713,4.8820
156.60,-16.1614,4.8665
156.70,-16.1515,4.8282
156.80,-16.1415,4.7675
156.90,-16.1315,4.6851
157.00,-16.1216,4.5819
157.10,-16.1116,4.4596
157.20,-16.1017,4.3205
157.30,-16.0919,4.1667
157.40,-16.0821,4.0004
157.50,-16.0724,3.8238
157.60,-16.0628,3.6394
157.70,-16.0533,3.4503
157.80,-16.0439,3.2592
157.90,-16.0347,3.0690
158.00,-16.0256,2.8826
158.10,-16.0166,2.7028
158.20,-16.0078,2.5319
158.30,-15.9991,2.3725
158.40,-15.9906,2.2270
158.50,-15.9822,2.0979
158.60,-15.9739,1.9872
158.70,-15.9657,1.8962
158.80,-15.9576,1.8260
158.90,-15.9497,1.7775
159.00,-15.9418,1.7519
159.10,-15.9339,1.7499
159.20,-15.9262,1.7713
159.30,-15.9184,1.8152
159.40,-15.9107,1.8808
159.50,-15.9030,1.9672
159.60,-15.8953,2.0736
159.70,-15.8876,2.1983
159.80,-15.8798,2.3391
159.90,-15.8720,2.4935
160.00,-15.8641,2.6593
160.10,-15.8561,2.8340
160.20,-15.8481,3.0153
160.30,-15.8399,3.2002
160.40,-15.8316,3.3860
160.50,-15.8232,3.5698
160.60,-15.8147,3.7489
160.70,-15.8060,3.9204
160.80,-15.7972,4.0821
160.90,-15.7883,4.2318
161.00,-15.7792,4.3674
161.10,-15.7700,4.4868
161.20,-15.7607,4.5878
161.30,-15.7512,4.6693
161.40,-15.7417,4.7304
161.50,-15.7321,4.7706
161.60,-15.7223,4.7893
161.70,-15.7125,4.7859
161.80,-15.7027,4.7601
161.90,-15.6928,4.7130
162.00,-15.6829,4.6456
162.10,-15.6730,4.5589
162.20,-15.6631,4.4539
162.30,-15.6532,4.3318
162.40,-15.6434,4.1946
162.50,-15.6336,4.0447
162.60,-15.6239,3.8842
162.70,-15.6143,3.7156
162.80,-15.6048,3.5411
162.90,-15.5954,3.3631
163.00,-15.5861,3.1844
163.10,-15.5769,3.0077
163.20,-15.5679,2.8355
163.30,-15.5590,2.6706
163.40,-15.5502,2.5154
163.50,-15.5416,2.3721
163.60,-15.5330,2.2424
163.70,-15.5246,2.1284
163.80,-15.5163,2.0321
163.90,-15.5081,1.9553
164.00,-15.5000,1.8988
164.10,-15.4920,1.8630
164.20,-15.4841,1.8484
164.30,-15.4762,1.8554
164.40,-15.4684,1.8844
164.50,-15.4606,1.9350
164.60,-15.4528,2.0057
164.70,-15.4450,2.0952
164.80,-15.4372,2.2021
164.90,-15.4294,2.3250
165.00,-15.4215,2.4622
165.10,-15.4136,2.6116
165.20,-15.4056,2.7705
165.30,-15.3976,2.9368
165.40,-15.3894,3.1080
165.50,-15.3811,3.2816
165.60,-15.3728,3.4553
165.70,-15.3643,3.6266
165.80,-15.3557,3.7929
165.90,-15.3469,3.9518
166.00,-15.3381,4.1008
166.10,-15.3291,4.2375
166.20,-15.3200,4.3600
166.30,-15.3108,4.4671
166.40,-15.3014,4.5572
166.50,-15.2920,4.6291
166.60,-15.2824,4.6813
166.70,-15.2728,4.7127
166.80,-15.2631,4.7233
166.90,-15.2533,4.7136
167.00,-15.2435,4.6835
167.10,-15.2337,4.6336
167.20,-15.2238,4.5639
167.30,-15.2140,4.4754
167.40,-15.2041,4.3698
167.50,-15.1943,4.2490
167.60,-15.1845,4.1146
167.70,-15.1748,3.9685
167.80,-15.1652,3.8124
167.90,-15.1556,3.6487
168.00,-15.1461,3.4799
168.10,-15.1368,3.3086
168.20,-15.1275,3.1373
168.30,-15.1184,2.9686
168.40,-15.1094,2.8048
168.50,-15.1005,2.6483
168.60,-15.0917,2.5012
168.70,-15.0831,2.3656
168.80,-15.0746,2.2437
168.90,-15.0661,2.1377
169.00,-15.0578,2.0491
169.10,-15.0496,1.9790
169.20,-15.0415,1.9279
169.30,-15.0335,1.8968
169.40,-15.0255,1.8863
169.50,-15.0176,1.8971
169.60,-15.0098,1.9292
169.70,-15.0019,1.9814
169.80,-14.9941,2.0528
169.90,-14.9863,2.1423
170.00,-14.9785,2.2487
170.10,-14.9706,2.3711
170.20,-14.9627,2.5074
170.30,-14.9547,2.6553
170.40,-14.9467,2.8125
170.50,-14.9386,2.9766
170.60,-14.9304,3.1453
170.70,-14.9221,3.3162
170.80,-14.9137,3.4868
170.90,-14.9052,3.6547
171.00,-14.8965,3.8174
171.10,-14.8878,3.9724
171.20,-14.8789,4.1172
171.30,-14.8699,4.2497
171.40,-14.8608,4.3682
171.50,-14.8515,4.4714
171.60,-14.8422,4.5577
171.70,-14.8327,4.6257
171.80,-14.8232,4.6740
171.90,-14.8135,4.7018
172.00,-14.8038,4.7093
172.10,-14.7940,4.6966
172.20,-14.7842,4.6640
172.30,-14.7744,4.6117
172.40,-14.7645,4.5398
172.50,-14.7547,4.4496
172.60,-14.7448,4.3427
172.70,-14.7350,4.2210
172.80,-14.7253,4.0861
172.90,-14.7156,3.9397
173.00,-14.7059,3.7838
173.10,-14.6964,3.6206
173.20,-14.6869,3.4527
173.30,-14.6776,3.2825
173.40,-14.6684,3.1126
173.50,-14.6592,2.9456
173.60,-14.6502,2.7837
173.70,-14.6414,2.6294
173.80,-14.6326,2.4846
173.90,-14.6240,2.3515
174.00,-14.6155,2.2323
174.10,-14.6071,2.1291
174.20,-14.5988,2.0436
174.30,-14.5906,1.9765
174.40,-14.5825,1.9285
174.50,-14.5744,1.9004
174.60,-14.5665,1.8930
174.70,-14.5585,1.9068
174.80,-14.5507,1.9417
174.90,-14.5428,1.9966
175.00,-14.5350,2.0704
175.10,-14.5272,2.1620
175.20,-14.5193,2.2704
175.30,-14.5114,2.3943
175.40,-14.5035,2.5319
175.50,-14.4955,2.6807
175.60,-14.4875,2.8385
175.70,-14.4794,3.0028
175.80,-14.4712,3.1713
175.90,-14.4628,3.3416
176.00,-14.4544,3.5113
176.10,-14.4459,3.6780
176.20,-14.4372,3.8391
176.30,-14.4284,3.9923
176.40,-14.4195,4.1350
176.50,-14.4105,4.2651
176.60,-14.4013,4.3810
176.70,-14.3921,4.4814
176.80,-14.3827,4.5649
176.90,-14.3732,4.6299
177.00,-14.3637,4.6752
177.10,-14.3540,4.7000
177.20,-14.3443,4.7046
177.30,-14.3345,4.6890
177.40,-14.3247,4.6536
177.50,-14.3149,4.5987
177.60,-14.3050,4.5244
177.70,-14.2952,4.4320
177.80,-14.2853,4.3232
177.90,-14.2755,4.1998
178.00,-14.2658,4.0635
178.10,-14.2561,3.9161
178.20,-14.2464,3.7595
178.30,-14.2369,3.5960
178.40,-14.2275,3.4281
178.50,-14.2181,3.2583
178.60,-14.2089,3.0891
178.70,-14.1998,2.9231
178.80,-14.1908,2.7626
178.90,-14.1820,2.6099
179.00,-14.1732,2.4671
179.10,-14.1646,2.3362
179.20,-14.1561,2.2195
179.30,-14.1477,2.1189
179.40,-14.1394,2.0361
179.50,-14.1312,1.9719
179.60,-14.1231,1.9269
179.70,-14.1151,1.9018
179.80,-14.1071,1.8974
179.90,-14.0992,1.9141
180.00,-14.0914,1.9518
180.10,-14.0835,2.0095
180.20,-14.0757,2.0858
180.30,-14.0678,2.1797
180.40,-14.0600,2.2899
180.50,-14.0521,2.4154
180.60,-14.0441,2.5540
180.70,-14.0362,2.7036
180.80,-14.0281,2.8618
180.90,-14.0199,3.0261
181.00,-14.0117,3.1944
181.10,-14.0034,3.3642
181.20,-13.9949,3.5331
181.30,-13.9864,3.6988
181.40,-13.9777,3.8588
181.50,-13.9689,4.0107
181.60,-13.9600,4.1520
181.70,-13.9509,4.2805
181.80,-13.9418,4.3947
181.90,-13.9325,4.4932
182.00,-13.9231,4.5748
182.10,-13.9136,4.6380
182.20,-13.9040,4.6817
182.30,-13.8944,4.7047
182.40,-13.8847,4.7072
182.50,-13.8749,4.6896
182.60,-13.8651,4.6523
182.70,-13.8552,4.5956
182.80,-13.8453,4.5200
182.90,-13.8355,4.4261
183.00,-13.8257,4.3157
183.10,-13.8159,4.1906
183.20,-13.8061,4.0528
183.30,-13.7964,3.9042
183.40,-13.7868,3.7466
183.50,-13.7773,3.5822
183.60,-13.7678,3.4134
183.70,-13.7585,3.2427
183.80,-13.7493,3.0727
183.90,-13.7402,2.9060
184.00,-13.7312,2.7450
184.10,-13.7223,2.5922
184.20,-13.7136,2.4494
184.30,-13.7050,2.3187
184.40,-13.6965,2.2020
184.50,-13.6881,2.1013
184.60,-13.6798,2.0185
184.70,-13.6716,1.9550
184.80,-13.6635,1.9110
184.90,-13.6555,1.8871
185.00,-13.6476,1.8836
185.10,-13.6396,1.9009
185.20,-13.6318,1.9392
185.30,-13.6239,1.9981
185.40,-13.6161,2.0762
185.50,-13.6083,2.1720
185.60,-13.6004,2.2841
185.70,-13.5925,2.4111
185.80,-13.5846,2.5515
185.90,-13.5766,2.7032
186.00,-13.5686,2.8637
186.10,-13.5604,3.0306
186.20,-13.5522,3.2013
186.30,-13.5438,3.3734
186.40,-13.5354,3.5442
186.50,-13.5268,3.7115
186.60,-13.5181,3.8730
186.70,-13.5093,4.0263
186.80,-13.5004,4.1691
186.90,-13.4914,4.2991
187.00,-13.4822,4.4142
187.10,-13.4729,4.5129
187.20,-13.4635,4.5942
187.30,-13.4540,4.6571
187.40,-13.4444,4.7005
187.50,-13.4347,4.7235
187.60,-13.4250,4.7251
187.70,-13.4152,4.7059
187.80,-13.4054,4.6666
187.90,-13.3955,4.6079
188.00,-13.3856,4.5305
188.10,-13.3758,4.4353
188.20,-13.3659,4.3233
188.30,-13.3561,4.1962
188.40,-13.3463,4.0562
188.50,-13.3366,3.9054
188.60,-13.3270,3.7459
188.70,-13.3175,3.5798
188.80,-13.3080,3.4091
188.90,-13.2987,3.2365
189.00,-13.2895,3.0643
189.10,-13.2803,2.8952
189.20,-13.2714,2.7317
189.30,-13.2625,2.5763
189.40,-13.2538,2.4315
189.50,-13.2451,2.2992
189.60,-13.2366,2.1810
189.70,-13.2283,2.0785
189.80,-13.2200,1.9935
189.90,-13.2118,1.9275
190.00,-13.2037,1.8822
190.10,-13.1957,1.8578
190.20,-13.1877,1.8542
190.30,-13.1798,1.8713
190.40,-13.1720,1.9089
190.50,-13.1642,1.9670
190.60,-13.1564,2.0452
190.70,-13.1485,2.1423
190.80,-13.1407,2.2563
190.90,-13.1328,2.3854
191.00,-13.1249,2.5277
191.10,-13.1170,2.6813
191.20,-13.1089,2.8443
191.30,-13.1008,3.0143
191.40,-13.0926,3.1887
191.50,-13.0842,3.3649
191.60,-13.0758,3.5403
191.70,-13.0673,3.7121
191.80,-13.0586,3.8778
191.90,-13.0498,4.0352
192.00,-13.0409,4.1822
192.10,-13.0318,4.3169
192.20,-13.0227,4.4371
192.30,-13.0134,4.5410
192.40,-13.0040,4.6265
192.50,-12.9945,4.6926
192.60,-12.9849,4.7387
192.70,-12.9752,4.7644
192.80,-12.9654,4.7695
192.90,-12.9556,4.7534
193.00,-12.9457,4.7159
193.10,-12.9358,4.6573
193.20,-12.9259,4.5791
193.30,-12.9160,4.4826
193.40,-12.9061,4.3692
193.50,-12.8963,4.2404
193.60,-12.8865,4.0974
193.70,-12.8768,3.9423
193.80,-12.8671,3.7775
193.90,-12.8575,3.6056
194.00,-12.8480,3.4290
194.10,-12.8387,3.2503
194.20,-12.8294,3.0720
194.30,-12.8203,2.8967
194.40,-12.8113,2.7266
194.50,-12.8024,2.5644
194.60,-12.7937,2.4123
194.70,-12.7850,2.2729
194.80,-12.7765,2.1484
194.90,-12.7682,2.0410
195.00,-12.7599,1.9516
195.10,-12.7517,1.8814
195.20,-12.7436,1.8313
195.30,-12.7356,1.8024
195.40,-12.7277,1.7957
195.50,-12.7199,1.8117
195.60,-12.7120,1.8495
195.70,-12.7042,1.9082
195.80,-12.6965,1.9869
195.90,-12.6887,2.0846
196.00,-12.6809,2.2004
196.10,-12.6731,2.3328
196.20,-12.6652,2.4797
196.30,-12.6573,2.6386
196.40,-12.6493,2.8070
196.50,-12.6412,2.9825
196.60,-12.6330,3.1627
196.70,-12.6247,3.3451
196.80,-12.6163,3.5270
196.90,-12.6078,3.7059
197.00,-12.5991,3.8791
197.10,-12.5903,4.0441
197.20,-12.5814,4.1981
197.30,-12.5724,4.3388
197.40,-12.5632,4.4644
197.50,-12.5539,4.5736
197.60,-12.5445,4.6648
197.70,-12.5350,4.7366
197.80,-12.5254,4.7874
197.90,-12.5156,4.8162
198.00,-12.5059,4.8227
198.10,-12.4960,4.8076
198.20,-12.4861,4.7711
198.30,-12.4762,4.7136
198.40,-12.4662,4.6355
198.50,-12.4563,4.5374
198.60,-12.4464,4.4209
198.70,-12.4365,4.2881
198.80,-12.4266,4.1411
198.90,-12.4168,3.9818
199.00,-12.4071,3.8124
199.10,-12.3975,3.6350
199.20,-12.3880,3.4521
199.30,-12.3786,3.2665
199.40,-12.3693,3.0809
199.50,-12.3602,2.8981
199.60,-12.3511,2.7208
199.70,-12.3423,2.5518
199.80,-12.3335,2.3934
199.90,-12.3249,2.2475
200.00,-12.3164,2.1163
200.10,-12.3080,2.0018
200.20,-12.2997,1.9061
200.30,-12.2916,1.8311
200.40,-12.2835,1.7778
200.50,-12.2755,1.7463
200.60,-12.2676,1.7370
200.70,-12.2598,1.7501
200.80,-12.2520,1.7857
200.90,-12.2442,1.8441
201.00,-12.2365,1.9243
201.10,-12.2288,2.0246
201.20,-12.2210,2.1433
201.30,-12.2132,2.2786
201.40,-12.2054,2.4288
201.50,-12.1975,2.5919
201.60,-12.1895,2.7659
201.70,-12.1815,2.9478
201.80,-12.1733,3.1349
201.90,-12.1651,3.3244
202.00,-12.1567,3.5134
202.10,-12.1482,3.6993
202.20,-12.1396,3.8793
202.30,-12.1308,4.0511
202.40,-12.1219,4.2124
202.50,-12.1129,4.3607
202.60,-12.1037,4.4937
202.70,-12.0944,4.6090
202.80,-12.0850,4.7050
202.90,-12.0755,4.7807
203.00,-12.0658,4.8355
203.10,-12.0561,4.8685
203.20,-12.0463,4.8790
203.30,-12.0364,4.8663
203.40,-12.0265,4.8302
203.50,-12.0165,4.7718
203.60,-12.0065,4.6924
203.70,-11.9965,4.5931
203.80,-11.9865,4.4752
203.90,-11.9766,4.3398
204.00,-11.9667,4.1886
204.10,-11.9569,4.0240
204.20,-11.9472,3.8486
204.30,-11.9375,3.6651
204.40,-11.9279,3.4760
204.50,-11.9185,3.2839
204.60,-11.9092,3.0915
204.70,-11.9000,2.9015
204.80,-11.8910,2.7166
204.90,-11.8821,2.5396
205.00,-11.8733,2.3731
205.10,-11.8646,2.2200
205.20,-11.8561,2.0827
205.30,-11.8478,1.9627
205.40,-11.8395,1.8616
205.50,-11.8314,1.7807
205.60,-11.8233,1.7216
205.70,-11.8154,1.6856
205.80,-11.8075,1.6739
205.90,-11.7997,1.6860
206.00,-11.7919,1.7214
206.10,-11.7842,1.7793
206.20,-11.7765,1.8590
206.30,-11.7688,1.9600
206.40,-11.7611,2.0812
206.50,-11.7534,2.2205
206.60,-11.7456,2.3756
206.70,-11.7377,2.5440
206.80,-11.7298,2.7231
206.90,-11.7218,2.9106
207.00,-11.7137,3.1040
207.10,-11.7054,3.3005
207.20,-11.6971,3.4971
207.30,-11.6886,3.6910
207.40,-11.6800,3.8792
207.50,-11.6713,4.0588
207.60,-11.6624,4.2271
207.70,-11.6534,4.3819
207.80,-11.6442,4.5212
207.90,-11.6349,4.6433
208.00,-11.6255,4.7462
208.10,-11.6159,4.8281
208.20,-11.6063,4.8872
208.30,-11.5965,4.9230
208.40,-11.5867,4.9355
208.50,-11.5768,4.9248
208.60,-11.5668,4.8910
208.70,-11.5568,4.8341
208.80,-11.5468,4.7542
208.90,-11.5367,4.6527
209.00,-11.5267,4.5314
209.10,-11.5167,4.3924
209.20,-11.5068,4.2376
209.30,-11.4969,4.0689
209.40,-11.4871,3.8884
209.50,-11.4774,3.6986
209.60,-11.4678,3.5025
209.70,-11.4584,3.3028
209.80,-11.4490,3.1027
209.90,-11.4398,2.9050
210.00,-11.4307,2.7126
210.10,-11.4218,2.5283
210.20,-11.4130,2.3546
210.30,-11.4044,2.1937
210.40,-11.3959,2.0483
210.50,-11.3875,1.9207
210.60,-11.3792,1.8134
210.70,-11.3711,1.7279
210.80,-11.3631,1.6650
210.90,-11.3552,1.6253
211.00,-11.3473,1.6094
211.10,-11.3395,1.6178
211.20,-11.3318,1.6513
211.30,-11.3241,1.7096
211.40,-11.3165,1.7911
211.50,-11.3088,1.8942
211.60,-11.3011,2.0175
211.70,-11.2934,2.1592
211.80,-11.2857,2.3179
211.90,-11.2779,2.4913
212.00,-11.2700,2.6768
212.10,-11.2620,2.8713
212.20,-11.2540,3.0718
212.30,-11.2458,3.2756
212.40,-11.2375,3.4795
212.50,-11.2290,3.6807
212.60,-11.2204,3.8766
212.70,-11.2117,4.0643
212.80,-11.2028,4.2411
212.90,-11.1938,4.4043
213.00,-11.1847,4.5511
213.10,-11.1754,4.6792
213.20,-11.1659,4.7873
213.30,-11.1564,4.8743
213.40,-11.1467,4.9389
213.50,-11.1369,4.9801
213.60,-11.1270,4.9965
213.70,-11.1171,4.9877
213.80,-11.1071,4.9541
213.90,-11.0970,4.8968
214.00,-11.0870,4.8167
214.10,-11.0769,4.7148
214.20,-11.0668,4.5921
214.30,-11.0568,4.4497
214.40,-11.0468,4.2900
214.50,-11.0369,4.1157
214.60,-11.0270,3.9293
214.70,-11.0173,3.7335
214.80,-11.0077,3.5310
214.90,-10.9982,3.3243
215.00,-10.9888,3.1165
215.10,-10.9795,2.9106
215.20,-10.9704,2.7095
215.30,-10.9615,2.5165
215.40,-10.9527,2.3344
215.50,-10.9440,2.1663
215.60,-10.9355,2.0142
215.70,-10.9272,1.8800
215.80,-10.9189,1.7656
215.90,-10.9108,1.6730
216.00,-10.9028,1.6040
216.10,-10.8949,1.5602
216.20,-10.8871,1.5420
216.30,-10.8793,1.5490
216.40,-10.8716,1.5809
216.50,-10.8640,1.6374
216.60,-10.8564,1.7182
216.70,-10.8488,1.8227
216.80,-10.8411,1.9492
216.90,-10.8335,2.0953
217.00,-10.8258,2.2587
217.10,-10.8180,2.4369
217.20,-10.8102,2.6275
217.30,-10.8023,2.8281
217.40,-10.7942,3.0358
217.50,-10.7861,3.2474
217.60,-10.7778,3.4598
217.70,-10.7694,3.6698
217.80,-10.7609,3.8742
217.90,-10.7521,4.0698
218.00,-10.7433,4.2541
218.10,-10.7343,4.4247
218.20,-10.7251,4.5793
218.30,-10.7158,4.7156
218.40,-10.7064,4.8313
218.50,-10.6968,4.9242
218.60,-10.6871,4.9930
218.70,-10.6773,5.0374
218.80,-10.6674,5.0571
218.90,-10.6574,5.0518
219.00,-10.6474,5.0211
219.10,-10.6373,4.9648
219.20,-10.6272,4.8836
219.30,-10.6170,4.7792
219.40,-10.6069,4.6535
219.50,-10.5968,4.5083
219.60,-10.5868,4.3453
219.70,-10.5768,4.1665
219.80,-10.5670,3.9741
219.90,-10.5572,3.7713
220.00,-10.5475,3.5610
220.10,-10.5379,3.3465
220.20,-10.5285,3.1307
220.30,-10.5192,2.9168
220.40,-10.5101,2.7078
220.50,-10.5012,2.5065
220.60,-10.4923,2.3159
220.70,-10.4837,2.1386
220.80,-10.4751,1.9777
220.90,-10.4668,1.8359
221.00,-10.4585,1.7155
221.10,-10.4504,1.6177
221.20,-10.4425,1.5436
221.30,-10.4346,1.4943
221.40,-10.4268,1.4708
221.50,-10.4191,1.4743
221.60,-10.4114,1.5052
221.70,-10.4038,1.5623
221.80,-10.3962,1.6443
221.90,-10.3887,1.7498
222.00,-10.3811,1.8775
222.10,-10.3735,2.0262
222.20,-10.3658,2.1939
222.30,-10.3581,2.3780
222.40,-10.3503,2.5754
222.50,-10.3425,2.7831
222.60,-10.3345,2.9980
222.70,-10.3264,3.2172
222.80,-10.3181,3.4376
222.90,-10.3098,3.6560
223.00,-10.3012,3.8693
223.10,-10.2926,4.0743
223.20,-10.2837,4.2679
223.30,-10.2747,4.4468
223.40,-10.2655,4.6081
223.50,-10.2562,4.7497
223.60,-10.2467,4.8698
223.70,-10.2371,4.9664
223.80,-10.2274,5.0376
223.90,-10.2175,5.0820
224.00,-10.2075,5.0993
224.10,-10.1975,5.0900
224.20,-10.1874,5.0542
224.30,-10.1772,4.9923
224.40,-10.1671,4.9048
224.50,-10.1569,4.7934
224.60,-10.1468,4.6603
224.70,-10.1366,4.5074
224.80,-10.1266,4.3370
224.90,-10.1166,4.1511
225.00,-10.1067,3.9528
225.10,-10.0970,3.7453
225.20,-10.0873,3.5315
225.30,-10.0778,3.3148
225.40,-10.0684,3.0983
225.50,-10.0592,2.8849
225.60,-10.0502,2.6780
225.70,-10.0412,2.4805
225.80,-10.0325,2.2955
225.90,-10.0239,2.1261
226.00,-10.0154,1.9743
226.10,-10.0071,1.8420
226.20,-9.9989,1.7312
226.30,-9.9909,1.6437
226.40,-9.9829,1.5815
226.50,-9.9751,1.5452
226.60,-9.9673,1.5347
226.70,-9.9596,1.5500
226.80,-9.9519,1.5909
226.90,-9.9443,1.6575
227.00,-9.9367,1.7487
227.10,-9.9291,1.8627
227.20,-9.9214,1.9974
227.30,-9.9138,2.1507
227.40,-9.9061,2.3205
227.50,-9.8983,2.5046
227.60,-9.8904,2.6999
227.70,-9.8824,2.9033
227.80,-9.8743,3.1116
227.90,-9.8661,3.3217
228.00,-9.8578,3.5305
228.10,-9.8493,3.7350
228.20,-9.8406,3.9323
228.30,-9.8319,4.1196
228.40,-9.8229,4.2939
228.50,-9.8139,4.4525
228.60,-9.8046,4.5930
228.70,-9.7953,4.7140
228.80,-9.7858,4.8140
228.90,-9.7761,4.8913
229.00,-9.7664,4.9446
229.10,-9.7566,4.9727
229.20,-9.7466,4.9760
229.30,-9.7367,4.9550
229.40,-9.7266,4.9102
229.50,-9.7166,4.8420
229.60,-9.7065,4.7512
229.70,-9.6964,4.6393
229.80,-9.6864,4.5082
229.90,-9.6764,4.3601
230.00,-9.6664,4.1969
230.10,-9.6566,4.0205
230.20,-9.6468,3.8332
230.30,-9.6371,3.6378
230.40,-9.6276,3.4374
230.50,-9.6181,3.2350
230.60,-9.6088,3.0334
230.70,-9.5997,2.8358
230.80,-9.5907,2.6449
230.90,-9.5818,2.4633
231.00,-9.5731,2.2936
231.10,-9.5645,2.1383
231.20,-9.5560,2.0000
231.30,-9.5477,1.8813
231.40,-9.5395,1.7836
231.50,-9.5314,1.7079
231.60,-9.5235,1.6551
231.70,-9.5156,1.6261
231.80,-9.5077,1.6221
231.90,-9.5000,1.6434
232.00,-9.4923,1.6893
232.10,-9.4846,1.7586
232.20,-9.4769,1.8501
232.30,-9.4693,1.9627
232.40,-9.4616,2.0950
232.50,-9.4538,2.2455
232.60,-9.4460,2.4114
232.70,-9.4382,2.5900
232.80,-9.4303,2.7785
232.90,-9.4222,2.9742
233.00,-9.4141,3.1744
233.10,-9.4058,3.3761
233.20,-9.3974,3.5765
233.30,-9.3889,3.7726
233.40,-9.3802,3.9613
233.50,-9.3714,4.1398
233.60,-9.3624,4.3053
233.70,-9.3533,4.4556
233.80,-9.3441,4.5890
233.90,-9.3347,4.7036
234.00,-9.3252,4.7976
234.10,-9.3156,4.8693
234.20,-9.3059,4.9172
234.30,-9.2961,4.9414
234.40,-9.2862,4.9418
234.50,-9.2762,4.9187
234.60,-9.2662,4.8720
234.70,-9.2562,4.8019
234.80,-9.2461,4.7094
234.90,-9.2361,4.5963
235.00,-9.2260,4.4645
235.10,-9.2161,4.3160
235.20,-9.2062,4.1526
235.30,-9.1963,3.9763
235.40,-9.1866,3.7898
235.50,-9.1769,3.5959
235.60,-9.1674,3.3976
235.70,-9.1580,3.1978
235.80,-9.1487,2.9995
235.90,-9.1396,2.8054
236.00,-9.1306,2.6183
236.10,-9.1218,2.4407
236.20,-9.1131,2.2755
236.30,-9.1045,2.1251
236.40,-9.0961,1.9922
236.50,-9.0878,1.8789
236.60,-9.0796,1.7862
236.70,-9.0715,1.7154
236.80,-9.0636,1.6675
236.90,-9.0557,1.6437
237.00,-9.0479,1.6449
237.10,-9.0401,1.6708
237.20,-9.0324,1.7206
237.30,-9.0247,1.7932
237.40,-9.0170,1.8876
237.50,-9.0093,2.0028
237.60,-9.0016,2.1376
237.70,-8.9939,2.2896
237.80,-8.9860,2.4561
237.90,-8.9782,2.6346
238.00,-8.9702,2.8225
238.10,-8.9621,3.0170
238.20,-8.9540,3.2155
238.30,-8.9457,3.4150
238.40,-8.9372,3.6125
238.50,-8.9287,3.8052
238.60,-8.9200,3.9900
238.70,-8.9111,4.1639
238.80,-8.9021,4.3247
238.90,-8.8930,4.4703
239.00,-8.8838,4.5989
239.10,-8.8744,4.7084
239.20,-8.8648,4.7971
239.30,-8.8552,4.8630
239.40,-8.8455,4.9058
239.50,-8.8356,4.9253
239.60,-8.8257,4.9214
239.70,-8.8158,4.8940
239.80,-8.8058,4.8432
239.90,-8.7958,4.7691
240.00,-8.7857,4.6735
240.10,-8.7757,4.5581
240.20,-8.7657,4.4246
240.30,-8.7558,4.2747
240.40,-8.7459,4.1104
240.50,-8.7361,3.9338
240.60,-8.7264,3.7477
240.70,-8.7167,3.5550
240.80,-8.7072,3.3585
240.90,-8.6979,3.1612
241.00,-8.6886,2.9657
241.10,-8.6795,2.7750
241.20,-8.6706,2.5915
241.30,-8.6618,2.4181
241.40,-8.6531,2.2574
241.50,-8.6445,2.1122
241.60,-8.6361,1.9847
241.70,-8.6279,1.8766
241.80,-8.6197,1.7890
241.90,-8.6116,1.7231
242.00,-8.6037,1.6804
242.10,-8.5958,1.6619
242.20,-8.5880,1.6682
242.30,-8.5802,1.6985
242.40,-8.5725,1.7520
242.50,-8.5648,1.8278
242.60,-8.5571,1.9252
242.70,-8.5494,2.0433
242.80,-8.5416,2.1802
242.90,-8.5339,2.3334
243.00,-8.5260,2.5005
243.10,-8.5181,2.6788
243.20,-8.5101,2.8659
243.30,-8.5020,3.0593
243.40,-8.4938,3.2560
243.50,-8.4855,3.4531
243.60,-8.4770,3.6477
243.70,-8.4685,3.8368
243.80,-8.4597,4.0174
243.90,-8.4509,4.1868
244.00,-8.4418,4.3431
244.10,-8.4327,4.4841
244.20,-8.4234,4.6077
244.30,-8.4140,4.7121
244.40,-8.4045,4.7951
244.50,-8.3948,4.8557
244.60,-8.3851,4.8936
244.70,-8.3752,4.9085
244.80,-8.3653,4.9003
244.90,-8.3554,4.8686
245.00,-8.3454,4.8134
245.10,-8.3354,4.7358
245.20,-8.3254,4.6374
245.30,-8.3154,4.5199
245.40,-8.3054,4.3847
245.50,-8.2955,4.2336
245.60,-8.2856,4.0683
245.70,-8.2758,3.8916
245.80,-8.2661,3.7062
245.90,-8.2565,3.5148
246.00,-8.2471,3.3203
246.10,-8.2377,3.1254
246.20,-8.2285,2.9329
246.30,-8.2195,2.7454
246.40,-8.2105,2.5658
246.50,-8.2017,2.3966
246.60,-8.1931,2.2407
246.70,-8.1846,2.1007
246.80,-8.1762,1.9784
246.90,-8.1679,1.8752
247.00,-8.1598,1.7925
247.10,-8.1517,1.7318
247.20,-8.1438,1.6943
247.30,-8.1359,1.6812
247.40,-8.1281,1.6922
247.50,-8.1203,1.7265
247.60,-8.1126,1.7835
247.70,-8.1049,1.8627
247.80,-8.0972,1.9633
247.90,-8.0894,2.0841
248.00,-8.0817,2.2228
248.10,-8.0739,2.3770
248.20,-8.0660,2.5443
248.30,-8.0581,2.7224
248.40,-8.0501,2.9088
248.50,-8.0419,3.1009
248.60,-8.0337,3.2958
248.70,-8.0253,3.4904
248.80,-8.0169,3.6818
248.90,-8.0082,3.8671
249.00,-7.9995,4.0436
249.10,-7.9906,4.2087
249.20,-7.9816,4.3605
249.30,-7.9724,4.4968
249.40,-7.9631,4.6155
249.50,-7.9536,4.7144
249.60,-7.9441,4.7919
249.70,-7.9344,4.8475
249.80,-7.9247,4.8807
249.90,-7.9149,4.8912
250.00,-7.9050,4.8785
250.10,-7.8950,4.8423
250.20,-7.8850,4.7831
250.30,-7.8750,4.7023
250.40,-7.8650,4.6013
250.50,-7.8550,4.4817
250.60,-7.8451,4.3449
250.70,-7.8352,4.1923
250.80,-7.8253,4.0264
250.90,-7.8156,3.8498
251.00,-7.8059,3.6653
251.10,-7.7964,3.4754
251.20,-7.7869,3.2829
251.30,-7.7776,3.0905
251.40,-7.7685,2.9009
251.50,-7.7594,2.7168
251.60,-7.7505,2.5410
251.70,-7.7417,2.3762
251.80,-7.7331,2.2253
251.90,-7.7246,2.0903
252.00,-7.7163,1.9729
252.10,-7.7080,1.8746
252.20,-7.6999,1.7969
252.30,-7.6918,1.7414
252.40,-7.6839,1.7095
252.50,-7.6760,1.7014
252.60,-7.6682,1.7166
252.70,-7.6604,1.7548
252.80,-7.6527,1.8154
252.90,-7.6450,1.8980
253.00,-7.6372,2.0018
253.10,-7.6295,2.1250
253.20,-7.6217,2.2651
253.30,-7.6139,2.4201
253.40,-7.6060,2.5877
253.50,-7.5981,2.7655
253.60,-7.5900,2.9513
253.70,-7.5818,3.1420
253.80,-7.5736,3.3348
253.90,-7.5652,3.5267
254.00,-7.5567,3.7149
254.10,-7.5480,3.8964
254.20,-7.5392,4.0687
254.30,-7.5303,4.2297
254.40,-7.5213,4.3770
254.50,-7.5121,4.5085
254.60,-7.5027,4.6220
254.70,-7.4933,4.7154
254.80,-7.4837,4.7877
254.90,-7.4741,4.8385
255.00,-7.4643,4.8672
255.10,-7.4545,4.8731
255.20,-7.4446,4.8558
255.30,-7.4346,4.8152
255.40,-7.4246,4.7523
255.50,-7.4147,4.6686
255.60,-7.4047,4.5652
255.70,-7.3947,4.4435
255.80,-7.3848,4.3049
255.90,-7.3749,4.1511
256.00,-7.3651,3.9848
256.10,-7.3554,3.8086
256.20,-7.3457,3.6250
256.30,-7.3362,3.4367
256.40,-7.3268,3.2462
256.50,-7.3175,3.0563
256.60,-7.3084,2.8696
256.70,-7.2994,2.6891
256.80,-7.2905,2.5173
256.90,-7.2818,2.3571
257.00,-7.2731,2.2110
257.10,-7.2647,2.0809
257.20,-7.2563,1.9683
257.30,-7.2481,1.8749
257.40,-7.2400,1.8023
257.50,-7.2319,1.7523
257.60,-7.2240,1.7256
257.70,-7.2161,1.7221
257.80,-7.2083,1.7414
257.90,-7.2005,1.7834
258.00,-7.1928,1.8476
258.10,-7.1851,1.9338
258.20,-7.1773,2.0404
258.30,-7.1696,2.1656
258.40,-7.1618,2.3070
258.50,-7.1539,2.4626
258.60,-7.1460,2.6304
258.70,-7.1380,2.8081
258.80,-7.1299,2.9930
258.90,-7.1218,3.1821
259.00,-7.1135,3.3727
259.10,-7.1051,3.5618
259.20,-7.0965,3.7467
259.30,-7.0878,3.9244
259.40,-7.0790,4.0929
259.50,-7.0701,4.2496
259.60,-7.0610,4.3925
259.70,-7.0518,4.5191
259.80,-7.0424,4.6273
259.90,-7.0330,4.7155
260.00,-7.0234,4.7830
260.10,-7.0137,4.8292
260.20,-7.0039,4.8533
260.30,-6.9941,4.8546
260.40,-6.9842,4.8326
260.50,-6.9743,4.7880
260.60,-6.9643,4.7218
260.70,-6.9543,4.6353
260.80,-6.9443,4.5296
260.90,-6.9344,4.4058
261.00,-6.9245,4.2655
261.10,-6.9146,4.1109
261.20,-6.9048,3.9445
261.30,-6.8951,3.7689
261.40,-6.8855,3.5865
261.50,-6.8761,3.3997
261.60,-6.8667,3.2112
261.70,-6.8574,3.0238
261.80,-6.8483,2.8401
261.90,-6.8393,2.6630
262.00,-6.8305,2.4952
262.10,-6.8218,2.3393
262.20,-6.8132,2.1977
262.30,-6.8047,2.0719
262.40,-6.7964,1.9637
262.50,-6.7882,1.8749
262.60,-6.7801,1.8072
262.70,-6.7720,1.7621
262.80,-6.7641,1.7399
262.90,-6.7562,1.7404
263.00,-6.7484,1.7634
263.10,-6.7406,1.8088
263.20,-6.7329,1.8764
263.30,-6.7251,1.9656
263.40,-6.7174,2.0746
263.50,-6.7096,2.2014
263.60,-6.7018,2.3439
263.70,-6.6939,2.5002
263.80,-6.6860,2.6683
263.90,-6.6780,2.8458
264.00,-6.6699,3.0298
264.10,-6.6617,3.2176
264.20,-6.6534,3.4063
264.30,-6.6449,3.5931
264.40,-6.6363,3.7751
264.50,-6.6276,3.9499
264.60,-6.6188,4.1151
264.70,-6.6098,4.2683
264.80,-6.6007,4.4074
264.90,-6.5915,4.5298
265.00,-6.5821,4.6337
265.10,-6.5727,4.7178
265.20,-6.5631,4.7813
265.30,-6.5534,4.8236
265.40,-6.5436,4.8438
265.50,-6.5338,4.8412
265.60,-6.5239,4.8155
265.70,-6.5139,4.7676
265.80,-6.5040,4.6986
265.90,-6.4940,4.6096
266.00,-6.4840,4.5017
266.10,-6.4741,4.3760
266.20,-6.4642,4.2342
266.30,-6.4544,4.0787
266.40,-6.4446,3.9119
266.50,-6.4349,3.7364
266.60,-6.4254,3.5544
266.70,-6.4159,3.3685
266.80,-6.4065,3.1813
266.90,-6.3973,2.9955
267.00,-6.3882,2.8139
267.10,-6.3793,2.6392
267.20,-6.3704,2.4742
267.30,-6.3617,2.3215
267.40,-6.3532,2.1831
267.50,-6.3447,2.0606
267.60,-6.3364,1.9560
267.70,-6.3282,1.8708
267.80,-6.3201,1.8069
267.90,-6.3121,1.7655
268.00,-6.3042,1.7468
268.10,-6.2963,1.7507
268.20,-6.2885,1.7769
268.30,-6.2807,1.8253
268.40,-6.2729,1.8958
268.50,-6.2652,1.9875
268.60,-6.2574,2.0987
268.70,-6.2496,2.2272
268.80,-6.2418,2.3711
268.90,-6.2339,2.5284
269.00,-6.2260,2.6972
269.10,-6.2180,2.8749
269.20,-6.2098,3.0588
269.30,-6.2016,3.2461
269.40,-6.1933,3.4339
269.50,-6.1848,3.6194
269.60,-6.1762,3.7998
269.70,-6.1675,3.9726
269.80,-6.1587,4.1356
269.90,-6.1497,4.2865
270.00,-6.1405,4.4229
270.10,-6.1313,4.5426
270.20,-6.1219,4.6436
270.30,-6.1124,4.7246
270.40,-6.1028,4.7851
270.50,-6.0931,4.8244
270.60,-6.0834,4.8415
270.70,-6.0735,4.8360
270.80,-6.0636,4.8074
270.90,-6.0537,4.7568
271.00,-6.0437,4.6853
271.10,-6.0337,4.5939
271.20,-6.0238,4.4839
271.30,-6.0139,4.3563
271.40,-6.0040,4.2128
271.50,-5.9942,4.0558
271.60,-5.9844,3.8879
271.70,-5.9747,3.7115
271.80,-5.9652,3.5290
271.90,-5.9557,3.3430
272.00,-5.9464,3.1560
272.10,-5.9372,2.9709
272.20,-5.9281,2.7902
272.30,-5.9192,2.6168
272.40,-5.9103,2.4534
272.50,-5.9017,2.3026
272.60,-5.8931,2.1664
272.70,-5.8847,2.0464
272.80,-5.8764,1.9444
272.90,-5.8682,1.8620
273.00,-5.8601,1.8009
273.10,-5.8521,1.7624
273.20,-5.8442,1.7467
273.30,-5.8363,1.7536
273.40,-5.8285,1.7827
273.50,-5.8207,1.8340
273.60,-5.8130,1.9070
273.70,-5.8052,2.0012
273.80,-5.7975,2.1146
273.90,-5.7897,2.2452
274.00,-5.7819,2.3909
274.10,-5.7740,2.5497
274.20,-5.7660,2.7196
274.30,-5.7580,2.8981
274.40,-5.7498,3.0825
274.50,-5.7416,3.2700
274.60,-5.7332,3.4577
274.70,-5.7248,3.6428
274.80,-5.7162,3.8224
274.90,-5.7074,3.9942
275.00,-5.6986,4.1558
275.10,-5.6895,4.3050
275.20,-5.6804,4.4396
275.30,-5.6711,4.5573
275.40,-5.6618,4.6561
275.50,-5.6523,4.7347
275.60,-5.6426,4.7926
275.70,-5.6329,4.8292
275.80,-5.6232,4.8437
275.90,-5.6133,4.8356
276.00,-5.6034,4.8046
276.10,-5.5934,4.7513
276.20,-5.5835,4.6772
276.30,-5.5735,4.5834
276.40,-5.5636,4.4711
276.50,-5.5536,4.3415
276.60,-5.5438,4.1963
276.70,-5.5339,4.0377
276.80,-5.5242,3.8683
276.90,-5.5145,3.6907
277.00,-5.5050,3.5074
277.10,-5.4956,3.3208
277.20,-5.4862,3.1337
277.30,-5.4770,2.9486
277.40,-5.4680,2.7684
277.50,-5.4590,2.5956
277.60,-5.4502,2.4330
277.70,-5.4416,2.2833
277.80,-5.4331,2.1485
277.90,-5.4247,2.0304
278.00,-5.4164,1.9304
278.10,-5.4082,1.8502
278.20,-5.4001,1.7912
278.30,-5.3921,1.7551
278.40,-5.3842,1.7420
278.50,-5.3763,1.7516
278.60,-5.3685,1.7836
278.70,-5.3608,1.8375
278.80,-5.3530,1.9130
278.90,-5.3453,2.0095
279.00,-5.3375,2.1253
279.10,-5.3297,2.2582
279.20,-5.3219,2.4061
279.30,-5.3140,2.5668
279.40,-5.3060,2.7382
279.50,-5.2980,2.9179
279.60,-5.2898,3.1032
279.70,-5.2816,3.2914
279.80,-5.2732,3.4794
279.90,-5.2647,3.6646
280.00,-5.2561,3.8441
280.10,-5.2474,4.0152
280.20,-5.2385,4.1758
280.30,-5.2295,4.3237
280.40,-5.2203,4.4568
280.50,-5.2110,4.5729
280.60,-5.2016,4.6699
280.70,-5.1921,4.7464
280.80,-5.1825,4.8019
280.90,-5.1728,4.8358
281.00,-5.1630,4.8477
281.10,-5.1531,4.8371
281.20,-5.1432,4.8036
281.30,-5.1332,4.7478
281.40,-5.1233,4.6710
281.50,-5.1133,4.5745
281.60,-5.1033,4.4598
281.70,-5.0934,4.3281
281.80,-5.0835,4.1810
281.90,-5.0737,4.0206
282.00,-5.0640,3.8497
282.10,-5.0544,3.6707
282.20,-5.0448,3.4862
282.30,-5.0354,3.2990
282.40,-5.0261,3.1115
282.50,-5.0169,2.9264
282.60,-5.0079,2.7465
282.70,-4.9989,2.5743
282.80,-4.9902,2.4125
282.90,-4.9815,2.2638
283.00,-4.9730,2.1305
283.10,-4.9646,2.0142
283.20,-4.9563,1.9164
283.30,-4.9482,1.8384
283.40,-4.9401,1.7817
283.50,-4.9321,1.7478
283.60,-4.9242,1.7372
283.70,-4.9164,1.7497
283.80,-4.9086,1.7845
283.90,-4.9008,1.8412
284.00,-4.8931,1.9193
284.10,-4.8853,2.0181
284.20,-4.8776,2.1362
284.30,-4.8698,2.2714
284.40,-4.8619,2.4215
284.50,-4.8540,2.5840
284.60,-4.8461,2.7569
284.70,-4.8380,2.9378
284.80,-4.8299,3.1241
284.90,-4.8216,3.3128
285.00,-4.8132,3.5012
285.10,-4.8047,3.6865
285.20,-4.7961,3.8657
285.30,-4.7873,4.0363
285.40,-4.7784,4.1958
285.50,-4.7694,4.3424
285.60,-4.7602,4.4739
285.70,-4.7509,4.5883
285.80,-4.7415,4.6835
285.90,-4.7320,4.7579
286.00,-4.7223,4.8109
286.10,-4.7126,4.8422
286.20,-4.7028,4.8515
286.30,-4.6929,4.8383
286.40,-4.6830,4.8023
286.50,-4.6730,4.7439
286.60,-4.6631,4.6645
286.70,-4.6531,4.5654
286.80,-4.6431,4.4482
286.90,-4.6332,4.3144
287.00,-4.6233,4.1654
287.10,-4.6135,4.0033
287.20,-4.6038,3.8308
287.30,-4.5942,3.6505
287.40,-4.5847,3.4650
287.50,-4.5752,3.2771
287.60,-4.5659,3.0892
287.70,-4.5568,2.9042
287.80,-4.5477,2.7246
287.90,-4.5388,2.5530
288.00,-4.5301,2.3921
288.10,-4.5214,2.2445
288.20,-4.5129,2.1127
288.30,-4.5046,1.9982
288.40,-4.4963,1.9025
288.50,-4.4882,1.8268
288.60,-4.4801,1.7725
288.70,-4.4721,1.7409
288.80,-4.4642,1.7328
288.90,-4.4564,1.7480
289.00,-4.4486,1.7857
289.10,-4.4409,1.8452
289.20,-4.4331,1.9259
289.30,-4.4254,2.0270
289.40,-4.4176,2.1475
289.50,-4.4098,2.2849
289.60,-4.4020,2.4370
289.70,-4.3941,2.6015
289.80,-4.3861,2.7759
289.90,-4.3781,2.9579
290.00,-4.3699,3.1450
290.10,-4.3616,3.3343
290.20,-4.3532,3.5231
290.30,-4.3447,3.7083
290.40,-4.3361,3.8873
290.50,-4.3273,4.0572
290.60,-4.3184,4.2157
290.70,-4.3093,4.3609
290.80,-4.3001,4.4908
290.90,-4.2908,4.6034
291.00,-4.2814,4.6967
291.10,-4.2718,4.7691
291.20,-4.2622,4.8197
291.30,-4.2524,4.8484
291.40,-4.2426,4.8549
291.50,-4.2327,4.8391
291.60,-4.2228,4.8007
291.70,-4.2128,4.7398
291.80,-4.2029,4.6577
291.90,-4.1929,4.5560
292.00,-4.1829,4.4364
292.10,-4.1730,4.3003
292.20,-4.1632,4.1495
292.30,-4.1534,3.9858
292.40,-4.1436,3.8118
292.50,-4.1340,3.6302
292.60,-4.1245,3.4437
292.70,-4.1151,3.2550
292.80,-4.1058,3.0669
292.90,-4.0967,2.8820
293.00,-4.0876,2.7028
293.10,-4.0788,2.5319
293.20,-4.0700,2.3719
293.30,-4.0614,2.2255
293.40,-4.0529,2.0950
293.50,-4.0445,1.9824
293.60,-4.0363,1.8888
293.70,-4.0282,1.8155
293.80,-4.0201,1.7636
293.90,-4.0122,1.7344
294.00,-4.0043,1.7288
294.10,-3.9965,1.7466
294.20,-3.9887,1.7872
294.30,-3.9809,1.8495
294.40,-3.9732,1.9329
294.50,-3.9655,2.0364
294.60,-3.9577,2.1590
294.70,-3.9499,2.2986
294.80,-3.9421,2.4528
294.90,-3.9342,2.6191
295.00,-3.9262,2.7951
295.10,-3.9181,2.9783
295.20,-3.9099,3.1662
295.30,-3.9016,3.3560
295.40,-3.8932,3.5449
295.50,-3.8847,3.7301
295.60,-3.8760,3.9088
295.70,-3.8672,4.0781
295.80,-3.8583,4.2356
295.90,-3.8492,4.3793
296.00,-3.8400,4.5075
296.10,-3.8307,4.6182
296.20,-3.8213,4.7096
296.30,-3.8117,4.7799
296.40,-3.8020,4.8282
296.50,-3.7923,4.8542
296.60,-3.7825,4.8580
296.70,-3.7726,4.8395
296.80,-3.7626,4.7986
296.90,-3.7527,4.7352
297.00,-3.7427,4.6506
297.10,-3.7327,4.5464
297.20,-3.7227,4.4243
297.30,-3.7128,4.2860
297.40,-3.7030,4.1333
297.50,-3.6932,3.9680
297.60,-3.6835,3.7925
297.70,-3.6739,3.6097
297.80,-3.6643,3.4223
297.90,-3.6549,3.2330
298.00,-3.6457,3.0445
298.10,-3.6365,2.8597
298.20,-3.6275,2.6809
298.30,-3.6187,2.5108
298.40,-3.6099,2.3518
298.50,-3.6013,2.2066
298.60,-3.5929,2.0775
298.70,-3.5845,1.9667
298.80,-3.5763,1.8753
298.90,-3.5682,1.8044
299.00,-3.5602,1.7550
299.10,-3.5522,1.7282
299.20,-3.5443,1.7250
299.30,-3.5365,1.7455
299.40,-3.5287,1.7889
299.50,-3.5210,1.8541
299.60,-3.5133,1.9401
299.70,-3.5055,2.0461
299.80,-3.4978,2.1709
299.90,-3.4900,2.3126
300.00,-3.4821,2.4688
300.10,-3.4742,2.6369
300.20,-3.4662,2.8144
300.30,-3.4581,2.9987
300.40,-3.4500,3.1874
300.50,-3.4417,3.3777
300.60,-3.4332,3.5668
300.70,-3.4247,3.7519
300.80,-3.4160,3.9302
300.90,-3.4072,4.0989
301.00,-3.3983,4.2553
301.10,-3.3892,4.3977
301.20,-3.3800,4.5241
301.30,-3.3706,4.6329
301.40,-3.3611,4.7223
301.50,-3.3516,4.7906
301.60,-3.3419,4.8365
301.70,-3.3321,4.8599
301.80,-3.3223,4.8610
301.90,-3.3124,4.8397
302.00,-3.3024,4.7961
302.10,-3.2925,4.7304
302.20,-3.2825,4.6433
302.30,-3.2725,4.5365
302.40,-3.2626,4.4120
302.50,-3.2526,4.2715
302.60,-3.2428,4.1169
302.70,-3.2330,3.9500
302.80,-3.2233,3.7731
302.90,-3.2137,3.5891
303.00,-3.2042,3.4008
303.10,-3.1948,3.2108
303.20,-3.1856,3.0221
303.30,-3.1764,2.8373
303.40,-3.1674,2.6590
303.50,-3.1586,2.4897
303.60,-3.1499,2.3318
303.70,-3.1413,2.1878
303.80,-3.1328,2.0602
303.90,-3.1245,1.9512
304.00,-3.1163,1.8620
304.10,-3.1082,1.7935
304.20,-3.1002,1.7466
304.30,-3.0922,1.7223
304.40,-3.0844,1.7216
304.50,-3.0766,1.7447
304.60,-3.0688,1.7908
304.70,-3.0611,1.8588
304.80,-3.0533,1.9476
304.90,-3.0456,2.0561
305.00,-3.0378,2.1830
305.10,-3.0300,2.3268
305.20,-3.0222,2.4850
305.30,-3.0143,2.6548
305.40,-3.0063,2.8339
305.50,-2.9982,3.0194
305.60,-2.9900,3.2089
305.70,-2.9817,3.3996
305.80,-2.9732,3.5888
305.90,-2.9647,3.7737
306.00,-2.9560,3.9516
306.10,-2.9472,4.1196
306.20,-2.9382,4.2751
306.30,-2.9291,4.4160
306.40,-2.9199,4.5406
306.50,-2.9105,4.6475
306.60,-2.9010,4.7348
306.70,-2.8914,4.8009
306.80,-2.8817,4.8446
306.90,-2.8720,4.8654
307.00,-2.8621,4.8637
307.10,-2.8522,4.8396
307.20,-2.8423,4.7934
307.30,-2.8323,4.7252
307.40,-2.8223,4.6357
307.50,-2.8123,4.5264
307.60,-2.8024,4.3995
307.70,-2.7924,4.2568
307.80,-2.7826,4.1002
307.90,-2.7728,3.9317
308.00,-2.7631,3.7535
308.10,-2.7535,3.5684
308.20,-2.7440,3.3792
308.30,-2.7347,3.1886
308.40,-2.7254,2.9996
308.50,-2.7163,2.8148
308.60,-2.7073,2.6370
308.70,-2.6985,2.4686
308.80,-2.6898,2.3118
308.90,-2.6812,2.1692
309.00,-2.6728,2.0431
309.10,-2.6645,1.9358
309.20,-2.6563,1.8487
309.30,-2.6482,1.7826
309.40,-2.6402,1.7384
309.50,-2.6323,1.7167
309.60,-2.6244,1.7185
309.70,-2.6166,1.7441
309.80,-2.6088,1.7930
309.90,-2.6011,1.8638
310.00,-2.5934,1.9554
310.10,-2.5856,2.0663
310.20,-2.5779,2.1955
310.30,-2.5701,2.3413
310.40,-2.5622,2.5014
310.50,-2.5543,2.6730
310.60,-2.5463,2.8535
310.70,-2.5382,3.0402
310.80,-2.5300,3.2304
310.90,-2.5217,3.4216
311.00,-2.5132,3.6109
311.10,-2.5046,3.7956
311.20,-2.4959,3.9730
311.30,-2.4871,4.1402
311.40,-2.4781,4.2947
311.50,-2.4690,4.4342
311.60,-2.4598,4.5571
311.70,-2.4504,4.6619
311.80,-2.4409,4.7470
311.90,-2.4313,4.8110
312.00,-2.4216,4.8524
312.10,-2.4118,4.8707
312.20,-2.4019,4.8662
312.30,-2.3920,4.8393
312.40,-2.3820,4.7904
312.50,-2.3721,4.7197
312.60,-2.3621,4.6278
312.70,-2.3521,4.5161
312.80,-2.3421,4.3868
312.90,-2.3322,4.2418
313.00,-2.3224,4.0833
313.10,-2.3126,3.9132
313.20,-2.3029,3.7337
313.30,-2.2933,3.5475
313.40,-2.2839,3.3574
313.50,-2.2745,3.1663
313.60,-2.2653,2.9770
313.70,-2.2562,2.7924
313.80,-2.2472,2.6151
313.90,-2.2384,2.4475
314.00,-2.2297,2.2919
314.10,-2.2212,2.1507
314.20,-2.2127,2.0261
314.30,-2.2044,1.9205
314.40,-2.1963,1.8355
314.50,-2.1882,1.7720
314.60,-2.1802,1.7303
314.70,-2.1723,1.7114
314.80,-2.1644,1.7157
314.90,-2.1566,1.7438
315.00,-2.1489,1.7954
315.10,-2.1412,1.8690
315.20,-2.1334,1.9633
315.30,-2.1257,2.0768
315.40,-2.1179,2.2082
315.50,-2.1101,2.3560
315.60,-2.1023,2.5179
315.70,-2.0943,2.6912
315.80,-2.0863,2.8732
315.90,-2.0782,3.0611
316.00,-2.0700,3.2521
316.10,-2.0617,3.4437
316.20,-2.0532,3.6331
316.30,-2.0446,3.8175
316.40,-2.0359,3.9943
316.50,-2.0270,4.1608
316.60,-2.0180,4.3143
316.70,-2.0089,4.4524
316.80,-1.9996,4.5735
316.90,-1.9902,4.6762
317.00,-1.9807,4.7591
317.10,-1.9711,4.8209
317.20,-1.9614,4.8600
317.30,-1.9516,4.8758
317.40,-1.9417,4.8686
317.50,-1.9318,4.8389
317.60,-1.9218,4.7871
317.70,-1.9118,4.7139
317.80,-1.9019,4.6196
317.90,-1.8919,4.5056
318.00,-1.8819,4.3739
318.10,-1.8720,4.2267
318.20,-1.8622,4.0662
318.30,-1.8524,3.8945
318.40,-1.8427,3.7137
318.50,-1.8332,3.5264
318.60,-1.8237,3.3356
318.70,-1.8144,3.1440
318.80,-1.8051,2.9545
318.90,-1.7961,2.7699
319.00,-1.7871,2.5930
319.10,-1.7783,2.4263
319.20,-1.7696,2.2720
319.30,-1.7611,2.1322
319.40,-1.7527,2.0093
319.50,-1.7444,1.9055
319.60,-1.7362,1.8226
319.70,-1.7282,1.7614
319.80,-1.7202,1.7225
319.90,-1.7123,1.7062
320.00,-1.7044,1.7132
320.10,-1.6967,1.7438
320.20,-1.6889,1.7980
320.30,-1.6812,1.8744
320.40,-1.6735,1.9714
320.50,-1.6657,2.0876
320.60,-1.6580,2.2213
320.70,-1.6502,2.3711
320.80,-1.6423,2.5348
320.90,-1.6344,2.7097
321.00,-1.6263,2.8931
321.10,-1.6182,3.0821
321.20,-1.6100,3.2740
321.30,-1.6016,3.4659
321.40,-1.5932,3.6553
321.50,-1.5846,3.8394
321.60,-1.5758,4.0156
321.70,-1.5670,4.1813
321.80,-1.5579,4.3337
321.90,-1.5488,4.4705
322.00,-1.5395,4.5898
322.10,-1.5301,4.6904
322.20,-1.5206,4.7711
322.30,-1.5109,4.8305
322.40,-1.5012,4.8673
322.50,-1.4914,4.8806
322.60,-1.4815,4.8707
322.70,-1.4716,4.8382
322.80,-1.4616,4.7836
322.90,-1.4516,4.7077
323.00,-1.4416,4.6111
323.10,-1.4316,4.4948
323.20,-1.4217,4.3608
323.30,-1.4118,4.2115
323.40,-1.4020,4.0491
323.50,-1.3922,3.8757
323.60,-1.3825,3.6937
323.70,-1.3730,3.5055
323.80,-1.3635,3.3140
323.90,-1.3542,3.1219
324.00,-1.3450,2.9322
324.10,-1.3359,2.7477
324.20,-1.3270,2.5712
324.30,-1.3182,2.4054
324.40,-1.3095,2.2522
324.50,-1.3010,2.1139
324.60,-1.2926,1.9926
324.70,-1.2843,1.8904
324.80,-1.2762,1.8093
324.90,-1.2681,1.7504
325.00,-1.2602,1.7140
325.10,-1.2523,1.7004
325.20,-1.2444,1.7100
325.30,-1.2367,1.7430
325.40,-1.2289,1.7995
325.50,-1.2212,1.8785
325.60,-1.2135,1.9782
325.70,-1.2058,2.0969
325.80,-1.1980,2.2329
325.90,-1.1902,2.3845
326.00,-1.1823,2.5500
326.10,-1.1744,2.7265
326.20,-1.1663,2.9113
326.30,-1.1582,3.1015
326.40,-1.1500,3.2943
326.50,-1.1416,3.4869
326.60,-1.1331,3.6765
326.70,-1.1245,3.8604
326.80,-1.1158,4.0362
326.90,-1.1069,4.2013
327.00,-1.0978,4.3529
327.10,-1.0887,4.4887
327.20,-1.0794,4.6067
327.30,-1.0700,4.7055
327.40,-1.0604,4.7841
327.50,-1.0508,4.8414
327.60,-1.0410,4.8762
327.70,-1.0312,4.8875
327.80,-1.0213,4.8752
327.90,-1.0114,4.8400
328.00,-1.0014,4.7827
328.10,-0.9914,4.7043
328.20,-0.9814,4.6055
328.30,-0.9714,4.4872
328.40,-0.9615,4.3512
328.50,-0.9516,4.1999
328.60,-0.9417,4.0357
328.70,-0.9320,3.8607
328.80,-0.9223,3.6775
328.90,-0.9127,3.4883
329.00,-0.9033,3.2958
329.10,-0.8940,3.1030
329.20,-0.8848,2.9127
329.30,-0.8757,2.7277
329.40,-0.8668,2.5509
329.50,-0.8580,2.3851
329.60,-0.8494,2.2323
329.70,-0.8409,2.0947
329.80,-0.8325,1.9741
329.90,-0.8242,1.8725
330.00,-0.8161,1.7919
330.10,-0.8080,1.7340
330.20,-0.8001,1.6991
330.30,-0.7922,1.6873
330.40,-0.7844,1.6986
330.50,-0.7766,1.7331
330.60,-0.7689,1.7908
330.70,-0.7612,1.8713
330.80,-0.7535,1.9730
330.90,-0.7457,2.0939
331.00,-0.7380,2.2322
331.10,-0.7302,2.3858
331.20,-0.7223,2.5528
331.30,-0.7144,2.7311
331.40,-0.7063,2.9178
331.50,-0.6982,3.1100
331.60,-0.6900,3.3048
331.70,-0.6816,3.4993
331.80,-0.6731,3.6906
331.90,-0.6645,3.8759
332.00,-0.6558,4.0528
332.10,-0.6469,4.2188
332.20,-0.6378,4.3716
332.30,-0.6287,4.5088
332.40,-0.6194,4.6278
332.50,-0.6099,4.7270
332.60,-0.6004,4.8054
332.70,-0.5907,4.8624
332.80,-0.5810,4.8969
332.90,-0.5711,4.9084
333.00,-0.5612,4.8960
333.10,-0.5513,4.8597
333.20,-0.5413,4.8008
333.30,-0.5313,4.7204
333.40,-0.5212,4.6197
333.50,-0.5112,4.4998
333.60,-0.5013,4.3619
333.70,-0.4914,4.2080
333.80,-0.4815,4.0406
333.90,-0.4717,3.8623
334.00,-0.4621,3.6757
334.10,-0.4525,3.4835
334.20,-0.4431,3.2882
334.30,-0.4337,3.0926
334.40,-0.4245,2.8995
334.50,-0.4155,2.7118
334.60,-0.4066,2.5322
334.70,-0.3978,2.3636
334.80,-0.3892,2.2088
334.90,-0.3807,2.0698
335.00,-0.3723,1.9483
335.10,-0.3640,1.8460
335.20,-0.3559,1.7645
335.30,-0.3479,1.7055
335.40,-0.3399,1.6704
335.50,-0.3321,1.6596
335.60,-0.3243,1.6724
335.70,-0.3165,1.7087
335.80,-0.3088,1.7678
335.90,-0.3011,1.8496
336.00,-0.2934,1.9532
336.10,-0.2857,2.0769
336.20,-0.2780,2.2184
336.30,-0.2702,2.3754
336.40,-0.2623,2.5456
336.50,-0.2544,2.7267
336.60,-0.2464,2.9164
336.70,-0.2383,3.1117
336.80,-0.2300,3.3098
336.90,-0.2217,3.5076
337.00,-0.2132,3.7022
337.10,-0.2046,3.8905
337.20,-0.1958,4.0698
337.30,-0.1869,4.2378
337.40,-0.1779,4.3923
337.50,-0.1687,4.5310
337.60,-0.1594,4.6519
337.70,-0.1500,4.7527
337.80,-0.1404,4.8317
337.90,-0.1307,4.8883
338.00,-0.1209,4.9221
338.10,-0.1111,4.9328
338.20,-0.1012,4.9199
338.30,-0.0912,4.8831
338.40,-0.0812,4.8226
338.50,-0.0711,4.7397
338.60,-0.0611,4.6362
338.70,-0.0511,4.5135
338.80,-0.0411,4.3732
338.90,-0.0312,4.2168
339.00,-0.0213,4.0464
339.10,-0.0115,3.8648
339.20,-0.0019,3.6747
339.30,0.0077,3.4789
339.40,0.0172,3.2804
339.50,0.0265,3.0817
339.60,0.0357,2.8859
339.70,0.0447,2.6955
339.80,0.0537,2.5134
339.90,0.0624,2.3422
340.00,0.0711,2.1848
340.10,0.0795,2.0438
340.20,0.0879,1.9212
340.30,0.0961,1.8184
340.40,0.1043,1.7367
340.50,0.1123,1.6773
340.60,0.1202,1.6416
340.70,0.1280,1.6308
340.80,0.1358,1.6449
340.90,0.1435,1.6831
341.00,0.1512,1.7445
341.10,0.1589,1.8283
341.20,0.1666,1.9336
341.30,0.1743,2.0594
341.40,0.1820,2.2038
341.50,0.1898,2.3642
341.60,0.1976,2.5380
341.70,0.2055,2.7226
341.80,0.2135,2.9154
341.90,0.2216,3.1138
342.00,0.2299,3.3149
342.10,0.2382,3.5158
342.20,0.2467,3.7135
342.30,0.2553,3.9049
342.40,0.2641,4.0872
342.50,0.2730,4.2575
342.60,0.2820,4.4136
342.70,0.2912,4.5537
342.80,0.3006,4.6757
342.90,0.3100,4.7778
343.00,0.3196,4.8582
343.10,0.3293,4.9151
343.20,0.3391,4.9483
343.30,0.3489,4.9578
343.40,0.3589,4.9437
343.50,0.3689,4.9059
343.60,0.3789,4.8444
343.70,0.3890,4.7598
343.80,0.3990,4.6536
343.90,0.4091,4.5278
344.00,0.4191,4.3844
344.10,0.4290,4.2251
344.20,0.4389,4.0521
344.30,0.4487,3.8674
344.40,0.4584,3.6740
344.50,0.4679,3.4747
344.60,0.4774,3.2726
344.70,0.4867,3.0706
344.80,0.4959,2.8716
344.90,0.5050,2.6786
345.00,0.5139,2.4941
345.10,0.5226,2.3207
345.20,0.5313,2.1610
345.30,0.5397,2.0176
345.40,0.5481,1.8932
345.50,0.5563,1.7895
345.60,0.5644,1.7077
345.70,0.5724,1.6486
345.80,0.5803,1.6131
345.90,0.5882,1.6021
346.00,0.5959,1.6165
346.10,0.6036,1.6562
346.20,0.6113,1.7199
346.30,0.6190,1.8063
346.40,0.6266,1.9142
346.50,0.6343,2.0422
346.60,0.6420,2.1889
346.70,0.6498,2.3523
346.80,0.6576,2.5296
346.90,0.6655,2.7179
347.00,0.6735,2.9143
347.10,0.6816,3.1161
347.20,0.6898,3.3204
347.30,0.6981,3.5243
347.40,0.7066,3.7248
347.50,0.7152,3.9192
347.60,0.7240,4.1044
347.70,0.7329,4.2776
347.80,0.7420,4.4360
347.90,0.7512,4.5774
348.00,0.7605,4.7003
348.10,0.7700,4.8031
348.20,0.7796,4.8843
348.30,0.7893,4.9423
348.40,0.7991,4.9757
348.50,0.8090,4.9842
348.60,0.8189,4.9685
348.70,0.8290,4.9289
348.80,0.8390,4.8659
348.90,0.8491,4.7800
349.00,0.8592,4.6718
349.10,0.8692,4.5432
349.20,0.8792,4.3964
349.30,0.8892,4.2337
349.40,0.8991,4.0574
349.50,0.9089,3.8698
349.60,0.9186,3.6733
349.70,0.9282,3.4707
349.80,0.9376,3.2651
349.90,0.9470,3.0596
350.00,0.9562,2.8572
350.10,0.9652,2.6610
350.20,0.9741,2.4739
350.30,0.9829,2.2984
350.40,0.9915,2.1369
350.50,1.0000,1.9917
350.60,1.0083,1.8652
350.70,1.0165,1.7598
350.80,1.0246,1.6773
350.90,1.0326,1.6185
351.00,1.0405,1.5838
351.10,1.0483,1.5736
351.20,1.0560,1.5884
351.30,1.0637,1.6286
351.40,1.0714,1.6940
351.50,1.0790,1.7831
351.60,1.0867,1.8940
351.70,1.0943,2.0250
351.80,1.1020,2.1744
351.90,1.1097,2.3404
352.00,1.1176,2.5207
352.10,1.1254,2.7126
352.20,1.1334,2.9127
352.30,1.1415,3.1183
352.40,1.1497,3.3261
352.50,1.1581,3.5333
352.60,1.1665,3.7367
352.70,1.1752,3.9338
352.80,1.1839,4.1216
352.90,1.1929,4.2974
353.00,1.2019,4.4585
353.10,1.2111,4.6020
353.20,1.2205,4.7261
353.30,1.2300,4.8294
353.40,1.2396,4.9108
353.50,1.2493,4.9691
353.60,1.2591,5.0030
353.70,1.2690,5.0115
353.80,1.2790,4.9946
353.90,1.2891,4.9530
354.00,1.2991,4.8878
354.10,1.3092,4.7997
354.20,1.3193,4.6898
354.30,1.3294,4.5590
354.40,1.3394,4.4092
354.50,1.3494,4.2430
354.60,1.3593,4.0631
354.70,1.3691,3.8719
354.80,1.3788,3.6721
354.90,1.3884,3.4664
355.00,1.3979,3.2575
355.10,1.4073,3.0487
355.20,1.4164,2.8429
355.30,1.4255,2.6434
355.40,1.4344,2.4532
355.50,1.4432,2.2752
355.60,1.4518,2.1119
355.70,1.4602,1.9652
355.80,1.4685,1.8374
355.90,1.4767,1.7304
356.00,1.4848,1.6464
356.10,1.4928,1.5872
356.20,1.5007,1.5531
356.30,1.5084,1.5442
356.40,1.5162,1.5603
356.50,1.5238,1.6016
356.60,1.5315,1.6679
356.70,1.5391,1.7588
356.80,1.5467,1.8725
356.90,1.5543,2.0068
357.00,1.5620,2.1597
357.10,1.5697,2.3288
357.20,1.5775,2.5121
357.30,1.5854,2.7071
357.40,1.5934,2.9108
357.50,1.6015,3.1200
357.60,1.6097,3.3316
357.70,1.6180,3.5424
357.80,1.6265,3.7492
357.90,1.6351,3.9490
358.00,1.6439,4.1392
358.10,1.6528,4.3173
358.20,1.6619,4.4806
358.30,1.6711,4.6266
358.40,1.6805,4.7527
358.50,1.6900,4.8569
358.60,1.6996,4.9384
358.70,1.7093,4.9963
358.80,1.7192,5.0300
358.90,1.7291,5.0386
359.00,1.7391,5.0213
359.10,1.7492,4.9783
359.20,1.7593,4.9107
359.30,1.7694,4.8200
359.40,1.7795,4.7075
359.50,1.7896,4.5744
359.60,1.7996,4.4222
359.70,1.8096,4.2529
359.80,1.8195,4.0693
359.90,1.8294,3.8744
360.00,1.8391,3.6708
360.10,1.8487,3.4616
360.20,1.8582,3.2495
360.30,1.8675,3.0374
360.40,1.8767,2.8286
360.50,1.8858,2.6259
360.60,1.8947,2.4326
360.70,1.9034,2.2515
360.80,1.9120,2.0858
360.90,1.9205,1.9376
361.00,1.9288,1.8087
361.10,1.9370,1.7009
361.20,1.9450,1.6160
361.30,1.9530,1.5555
361.40,1.9608,1.5212
361.50,1.9686,1.5133
361.60,1.9763,1.5311
361.70,1.9839,1.5743
361.80,1.9916,1.6423
361.90,1.9992,1.7345
362.00,2.0068,1.8503
362.10,2.0144,1.9877
362.20,2.0220,2.1440
362.30,2.0297,2.3169
362.40,2.0375,2.5037
362.50,2.0454,2.7019
362.60,2.0533,2.9089
362.70,2.0614,3.1216
362.80,2.0696,3.3367
362.90,2.0780,3.5511
363.00,2.0864,3.7616
363.10,2.0950,3.9648
363.20,2.1038,4.1577
363.30,2.1127,4.3379
363.40,2.1218,4.5030
363.50,2.1311,4.6508
363.60,2.1404,4.7789
363.70,2.1499,4.8849
363.80,2.1596,4.9671
363.90,2.1693,5.0248
364.00,2.1792,5.0577
364.10,2.1892,5.0654
364.20,2.1992,5.0476
364.30,2.2093,5.0039
364.40,2.2194,4.9347
364.50,2.2295,4.8414
364.60,2.2397,4.7258
364.70,2.2498,4.5896
364.80,2.2598,4.4347
364.90,2.2698,4.2627
365.00,2.2798,4.0759
365.10,2.2896,3.8773
365.20,2.2994,3.6699
365.30,2.3090,3.4567
365.40,2.3185,3.2409
365.50,2.3278,3.0256
365.60,2.3370,2.8136
365.70,2.3461,2.6081
365.80,2.3550,2.4119
365.90,2.3637,2.2280
366.00,2.3723,2.0593
366.10,2.3807,1.9088
366.20,2.3890,1.7787
366.30,2.3972,1.6704
366.40,2.4052,1.5851
366.50,2.4132,1.5243
366.60,2.4210,1.4892
366.70,2.4287,1.4813
366.80,2.4364,1.5004
366.90,2.4441,1.5457
367.00,2.4516,1.6161
367.10,2.4592,1.7107
367.20,2.4668,1.8283
367.30,2.4744,1.9680
367.40,2.4821,2.1275
367.50,2.4897,2.3040
367.60,2.4975,2.4948
367.70,2.5054,2.6968
367.80,2.5133,2.9073
367.90,2.5214,3.1234
368.00,2.5296,3.3419
368.10,2.5379,3.5598
368.20,2.5464,3.7736
368.30,2.5550,3.9803
368.40,2.5638,4.1766
368.50,2.5727,4.3594
368.60,2.5818,4.5264
368.70,2.5910,4.6756
368.80,2.6004,4.8050
368.90,2.6099,4.9125
369.00,2.6196,4.9962
369.10,2.6294,5.0544
369.20,2.6393,5.0867
369.30,2.6492,5.0931
369.40,2.6593,5.0739
369.50,2.6694,5.0292
369.60,2.6795,4.9589
369.70,2.6897,4.8637
369.80,2.6998,4.7452
369.90,2.7100,4.6057
370.00,2.7201,4.4474
370.10,2.7301,4.2722
370.20,2.7400,4.0824
370.30,2.7499,3.8805
370.40,2.7596,3.6694
370.50,2.7693,3.4523
370.60,2.7788,3.2326
370.70,2.7881,3.0135
370.80,2.7973,2.7981
370.90,2.8064,2.5895
371.00,2.8152,2.3907
371.10,2.8240,2.2043
371.20,2.8326,2.0331
371.30,2.8410,1.8800
371.40,2.8493,1.7477
371.50,2.8574,1.6383
371.60,2.8655,1.5529
371.70,2.8734,1.4923
371.80,2.8812,1.4575
371.90,2.8889,1.4493
372.00,2.8966,1.4687
372.10,2.9042,1.5155
372.20,2.9118,1.5884
372.30,2.9193,1.6859
372.40,2.9269,1.8064
372.50,2.9345,1.9484
372.60,2.9421,2.1105
372.70,2.9498,2.2904
372.80,2.9575,2.4849
372.90,2.9653,2.6910
373.00,2.9733,2.9056
373.10,2.9813,3.1255
373.20,2.9895,3.3475
373.30,2.9979,3.5687
373.40,3.0063,3.7857
373.50,3.0149,3.9956
373.60,3.0237,4.1952
373.70,3.0327,4.3813
373.80,3.0418,4.5508
373.90,3.0510,4.7016
374.00,3.0604,4.8320
374.10,3.0700,4.9403
374.20,3.0796,5.0250
374.30,3.0894,5.0843
374.40,3.0993,5.1169
374.50,3.1093,5.1224
374.60,3.1194,5.1015
374.70,3.1295,5.0548
374.80,3.1397,4.9828
374.90,3.1499,4.8861
375.00,3.1600,4.7656
375.10,3.1702,4.6230
375.20,3.1803,4.4610
375.30,3.1903,4.2821
375.40,3.2003,4.0887
375.50,3.2102,3.8834
375.60,3.2200,3.6689
375.70,3.2296,3.4482
375.80,3.2391,3.2247
375.90,3.2484,3.0016
376.00,3.2577,2.7824
376.10,3.2667,2.5703
376.20,3.2756,2.3685
376.30,3.2843,2.1798
376.40,3.2929,2.0066
376.50,3.3013,1.8514
376.60,3.3096,1.7168
376.70,3.3177,1.6054
376.80,3.3257,1.5191
376.90,3.3336,1.4588
377.00,3.3414,1.4248
377.10,3.3491,1.4175
377.20,3.3568,1.4373
377.30,3.3644,1.4846
377.40,3.3719,1.5593
377.50,3.3795,1.6595
377.60,3.3870,1.7833
377.70,3.3946,1.9288
377.80,3.4022,2.0938
377.90,3.4098,2.2765
378.00,3.4175,2.4745
378.10,3.4254,2.6845
378.20,3.4333,2.9031
378.30,3.4413,3.1272
378.40,3.4495,3.3532
378.50,3.4578,3.5780
378.60,3.4663,3.7983
378.70,3.4749,4.0112
378.80,3.4837,4.2136
378.90,3.4927,4.4026
379.00,3.5018,4.5753
379.10,3.5110,4.7285
379.20,3.5204,4.8603
379.30,3.5300,4.9692
379.40,3.5397,5.0542
379.50,3.5495,5.1138
379.60,3.5594,5.1470
379.70,3.5695,5.1526
379.80,3.5795,5.1305
379.90,3.5897,5.0817
380.00,3.5999,5.0073
380.10,3.6101,4.9083
380.20,3.6203,4.7857
380.30,3.6305,4.6408
380.40,3.6406,4.4756
380.50,3.6506,4.2928
380.60,3.6606,4.0954
380.70,3.6705,3.8862
380.80,3.6803,3.6681
380.90,3.6899,3.4438
381.00,3.6994,3.2167
381.10,3.7088,2.9900
381.20,3.7180,2.7670
381.30,3.7271,2.5512
381.40,3.7359,2.3459
381.50,3.7447,2.1543
381.60,3.7532,1.9789
381.70,3.7616,1.8221
381.80,3.7699,1.6860
381.90,3.7780,1.5728
382.00,3.7860,1.4848
382.10,3.7939,1.4239
382.20,3.8017,1.3904
382.30,3.8094,1.3844
382.40,3.8170,1.4058
382.50,3.8245,1.4543
382.60,3.8321,1.5299
382.70,3.8396,1.6321
382.80,3.8471,1.7589
382.90,3.8547,1.9080
383.00,3.8622,2.0768
383.10,3.8699,2.2630
383.20,3.8776,2.4642
383.30,3.8854,2.6777
383.40,3.8933,2.9002
383.50,3.9014,3.1283
383.60,3.9095,3.3585
383.70,3.9178,3.5874
383.80,3.9263,3.8115
383.90,3.9349,4.0275
384.00,3.9437,4.2326
384.10,3.9527,4.4241
384.20,3.9618,4.5993
384.30,3.9710,4.7552
384.40,3.9805,4.8893
384.50,3.9901,4.9994
384.60,3.9998,5.0845
384.70,4.0096,5.1439
384.80,4.0195,5.1769
384.90,4.0296,5.1825
385.00,4.0397,5.1601
385.10,4.0499,5.1098
385.20,4.0601,5.0330
385.30,4.0703,4.9311
385.40,4.0805,4.8057
385.50,4.0907,4.6582
385.60,4.1009,4.4903
385.70,4.1110,4.3042
385.80,4.1210,4.1028
385.90,4.1309,3.8895
386.00,4.1406,3.6671
386.10,4.1503,3.4390
386.20,4.1598,3.2082
386.30,4.1692,2.9779
386.40,4.1784,2.7515
386.50,4.1874,2.5322
386.60,4.1963,2.3234
386.70,4.2050,2.1283
386.80,4.2136,1.9502
386.90,4.2220,1.7916
387.00,4.2302,1.6543
387.10,4.2383,1.5401
387.20,4.2463,1.4510
387.30,4.2542,1.3886
387.40,4.2619,1.3548
387.50,4.2696,1.3498
387.60,4.2772,1.3729
387.70,4.2847,1.4235
387.80,4.2922,1.5010
387.90,4.2997,1.6047
388.00,4.3072,1.7337
388.10,4.3148,1.8860
388.20,4.3223,2.0588
388.30,4.3299,2.2491
388.40,4.3376,2.4542
388.50,4.3454,2.6713
388.60,4.3533,2.8974
388.70,4.3614,3.1293
388.80,4.3695,3.3634
388.90,4.3778,3.5963
389.00,4.3863,3.8245
389.10,4.3949,4.0444
389.20,4.4037,4.2527
389.30,4.4127,4.4464
389.40,4.4218,4.6227
389.50,4.4311,4.7787
389.60,4.4406,4.9117
389.70,4.4502,5.0191
389.80,4.4600,5.1001
389.90,4.4699,5.1539
390.00,4.4799,5.1799
390.10,4.4900,5.1774
390.20,4.5001,5.1463
390.30,4.5103,5.0876
390.40,4.5206,5.0028
390.50,4.5308,4.8931
390.60,4.5410,4.7598
390.70,4.5512,4.6048
390.80,4.5613,4.4308
390.90,4.5714,4.2405
391.00,4.5814,4.0369
391.10,4.5912,3.8227
391.20,4.6009,3.6010
391.30,4.6105,3.3752
391.40,4.6199,3.1488
391.50,4.6292,2.9250
391.60,4.6383,2.7074
391.70,4.6473,2.4990
391.80,4.6561,2.3025
391.90,4.6648,2.1206
392.00,4.6733,1.9560
392.10,4.6816,1.8113
392.20,4.6898,1.6891
392.30,4.6979,1.5906
392.40,4.7058,1.5168
392.50,4.7137,1.4688
392.60,4.7214,1.4475
392.70,4.7291,1.4539
392.80,4.7368,1.4881
392.90,4.7443,1.5488
393.00,4.7519,1.6347
393.10,4.7595,1.7445
393.20,4.7670,1.8769
393.30,4.7746,2.0305
393.40,4.7823,2.2027
393.50,4.7900,2.3906
393.60,4.7978,2.5911
393.70,4.8057,2.8012
393.80,4.8137,3.0180
393.90,4.8219,3.2384
394.00,4.8301,3.4591
394.10,4.8385,3.6768
394.20,4.8471,3.8884
394.30,4.8558,4.0904
394.40,4.8647,4.2798
394.50,4.8737,4.4539
394.60,4.8829,4.6107
394.70,4.8922,4.7481
394.80,4.9017,4.8640
394.90,4.9113,4.9562
395.00,4.9211,5.0232
395.10,4.9309,5.0646
395.20,4.9409,5.0803
395.30,4.9509,5.0702
395.40,4.9610,5.0342
395.50,4.9711,4.9721
395.60,4.9812,4.8851
395.70,4.9914,4.7750
395.80,5.0015,4.6435
395.90,5.0116,4.4927
396.00,5.0217,4.3243
396.10,5.0316,4.1404
396.20,5.0415,3.9439
396.30,5.0513,3.7380
396.40,5.0610,3.5256
396.50,5.0705,3.3099
396.60,5.0799,3.0940
396.70,5.0891,2.8808
396.80,5.0982,2.6736
396.90,5.1071,2.4751
397.00,5.1159,2.2886
397.10,5.1245,2.1170
397.20,5.1330,1.9631
397.30,5.1413,1.8290
397.40,5.1495,1.7161
397.50,5.1576,1.6261
397.60,5.1655,1.5606
397.70,5.1734,1.5213
397.80,5.1812,1.5088
397.90,5.1889,1.5226
398.00,5.1965,1.5623
398.10,5.2042,1.6271
398.20,5.2118,1.7166
398.30,5.2194,1.8299
398.40,5.2270,1.9650
398.50,5.2346,2.1195
398.60,5.2423,2.2907
398.70,5.2501,2.4761
398.80,5.2580,2.6730
398.90,5.2659,2.8788
399.00,5.2740,3.0904
399.10,5.2822,3.3046
399.20,5.2905,3.5183
399.30,5.2990,3.7285
399.40,5.3076,3.9319
399.50,5.3163,4.1256
399.60,5.3252,4.3065
399.70,5.3343,4.4715
399.80,5.3435,4.6178
399.90,5.3529,4.7421
400.00,5.3625,4.8416
